alamat_kejadian,kelurahan,kecamatan,Address,Location,Point,Lat,Lon,Alt
"Jl. Panjang Green Garden, Blok. I, No. 18",Kedoya Utara,Kebun Jeruk,"Jl. Panjang Green Garden, Blok. I, No. 18, Kedoya Utara, Kebun Jeruk","Perumahan Green Garden Blok i1 no: 18, RT.4/RW.11, Kedoya Utara, Kec. Kb. Jeruk, Kota Jakarta Barat, Daerah Khusus Ibukota Jakarta 11520, Indonesia","(-6.1659082, 106.7621509, 0.0)",-6.1659082,106.7621509,0
"Jl. Prepedan Dalam, No. 45",Kamal,Kalideres,"Jl. Prepedan Dalam, No. 45, Kamal, Kalideres","7, Jl. Prepedan Dalam No.10, RT.10/RW.7, Kamal, Kec. Kalideres, Kota Jakarta Barat, Daerah Khusus Ibukota Jakarta 11810, Indonesia","(-6.111170400000001, 106.7025281, 0.0)",-6.1111704,106.7025281,0
"Jl. Daan Mogot, No. 147 (Pom Bensin Shell)",Duri Kepa,Kebun Jeruk,"Jl. Daan Mogot, No. 147 (Pom Bensin Shell), Duri Kepa, Kebun Jeruk","4, Jl. Daan Mogot No.147, RT.4/RW.5, Duri Kepa, Kec. Kb. Jeruk, Kota Jakarta Barat, Daerah Khusus Ibukota Jakarta 11510, Indonesia","(-6.1635089, 106.7743823, 0.0)",-6.1635089,106.7743823,0
"Jl. Mangga Besar IX, Gg. I, No. 12",Tangki,Tamansari,"Jl. Mangga Besar IX, Gg. I, No. 12, Tangki, Tamansari","12, Jl. Mangga Besar IX No.28b, RT.12/RW.1, Tangki, Kec. Taman Sari, Kota Jakarta Barat, Daerah Khusus Ibukota Jakarta 11170, Indonesia","(-6.1465418, 106.8239602, 0.0)",-6.1465418,106.8239602,0
"Jl. Al Ma'rifah, No. 72",Rawa Buaya,Cengkareng,"Jl. Al Ma'rifah, No. 72, Rawa Buaya, Cengkareng","Jl. Al-Ma'rifah No.72, RT.1/RW.12, Rw. Buaya, Kecamatan Cengkareng, Kota Jakarta Barat, Daerah Khusus Ibukota Jakarta 11740, Indonesia","(-6.1637588, 106.7435497, 0.0)",-6.1637588,106.7435497,0
Jl. Kedoya Raya ,Kedoya Utara,Kebun Jeruk,"Jl. Kedoya Raya , Kedoya Utara, Kebun Jeruk","Jl. Kedoya Raya, Kedoya Utara, Kec. Kb. Jeruk, Kota Jakarta Barat, Daerah Khusus Ibukota Jakarta, Indonesia","(-6.167979799999999, 106.7625571, 0.0)",-6.1679798,106.7625571,0
Jl. Kembangan Utara No.75,Kembangan Utara,Kembangan,"Jl. Kembangan Utara No.75, Kembangan Utara, Kembangan","Jl. Kembangan Utara No.75, RT.8/RW.2, Kembangan Utara, Kec. Kembangan, Kota Jakarta Barat, Daerah Khusus Ibukota Jakarta 11610, Indonesia","(-6.1844959, 106.7358085, 0.0)",-6.1844959,106.7358085,0
Jl. Al-Barkah,Rawa Buaya,Cengkareng,"Jl. Al-Barkah, Rawa Buaya, Cengkareng","Jl. Al Barkah, Rw. Buaya, Kecamatan Cengkareng, Kota Jakarta Barat, Daerah Khusus Ibukota Jakarta 11740, Indonesia","(-6.1642524, 106.7299479, 0.0)",-6.1642524,106.7299479,0
"Jl. H. Rusini 1, No. 54",Meruya Selatan,Kembangan,"Jl. H. Rusini 1, No. 54, Meruya Selatan, Kembangan","54, Jl. H. Rusini No.1, RT.4/RW.1, Meruya Sel., Kec. Kembangan, Kota Jakarta Barat, Daerah Khusus Ibukota Jakarta 11610, Indonesia","(-6.2073341, 106.7412936, 0.0)",-6.2073341,106.7412936,0
Jl. Waru VII Ujung,Kapuk,Cengkareng,"Jl. Waru VII Ujung, Kapuk, Cengkareng","14, Jl. Waru VII No.29, RT.7/RW.9, Kapuk, Kecamatan Cengkareng, Kota Jakarta Barat, Daerah Khusus Ibukota Jakarta 11720, Indonesia","(-6.1476121, 106.7448883, 0.0)",-6.1476121,106.7448883,0
Jl. Kedoya Raya ,Kedoya Utara,Kebun Jeruk,"Jl. Kedoya Raya , Kedoya Utara, Kebun Jeruk","Jl. Kedoya Raya, Kedoya Utara, Kec. Kb. Jeruk, Kota Jakarta Barat, Daerah Khusus Ibukota Jakarta, Indonesia","(-6.167979799999999, 106.7625571, 0.0)",-6.1679798,106.7625571,0
Jl. Peta Selatan,Kalideres,Kalideres,"Jl. Peta Selatan, Kalideres, Kalideres","Jl. Peta Selatan, Kalideres, Kec. Kalideres, Kota Jakarta Barat, Daerah Khusus Ibukota Jakarta 11840, Indonesia","(-6.150792699999999, 106.7023772, 0.0)",-6.1507927,106.7023772,0
Jl. Kebon Jeruk IX No.22,Maphar,Tamansari,"Jl. Kebon Jeruk IX No.22, Maphar, Tamansari","Jl. Kebon Jeruk IX No.22, RW.7, Maphar, Kec. Taman Sari, Kota Jakarta Barat, Daerah Khusus Ibukota Jakarta 11160, Indonesia","(-6.154996, 106.8210121, 0.0)",-6.154996,106.8210121,0
Kemangisan Ilir Raya ( Saung Ndelik ),kemanggisan,Palmerah,"Kemangisan Ilir Raya ( Saung Ndelik ), kemanggisan, Palmerah","Jl. Kemanggisan Ilir Raya No.7, RT.16/RW.8, Kemanggisan, Kec. Palmerah, Kota Jakarta Barat, Daerah Khusus Ibukota Jakarta 11480, Indonesia","(-6.188520899999999, 106.7923889, 0.0)",-6.1885209,106.7923889,0
Jl.Kemangisan Utama IV Kav.226,kemanggisan,Palmerah,"Jl.Kemangisan Utama IV Kav.226, kemanggisan, Palmerah","Jl. Kemanggisan Utama IV, Kemanggisan, Kec. Palmerah, Kota Jakarta Barat, Daerah Khusus Ibukota Jakarta 11480, Indonesia","(-6.1909604, 106.7882376, 0.0)",-6.1909604,106.7882376,0
"Jl. Daan Mogot Raya, No. 47",Wijaya Kusuma,Grogol Petamburan,"Jl. Daan Mogot Raya, No. 47, Wijaya Kusuma, Grogol Petamburan","Jl. Daan Mogot No.47, RT.6/RW.2, Kedoya Utara, Kec. Kb. Jeruk, Kota Jakarta Barat, Daerah Khusus Ibukota Jakarta 11520, Indonesia","(-6.159030599999999, 106.7683187, 0.0)",-6.1590306,106.7683187,0
"Jl. Tanjung Duren Timur (Pasar Kopro, Blok B, No. 15)",Tanjung Duren Selatan,Grogol Petamburan,"Jl. Tanjung Duren Timur (Pasar Kopro, Blok B, No. 15), Tanjung Duren Selatan, Grogol Petamburan","Jl. Tanjung Duren Timur, RT.15/RW.5, Tj. Duren Sel., Kec. Grogol petamburan, Kota Jakarta Barat, Daerah Khusus Ibukota Jakarta, Indonesia","(-6.1754263, 106.7867273, 0.0)",-6.1754263,106.7867273,0
Jl. Masjid Nurul Huda ,Cengkareng Timur,Cengkareng,"Jl. Masjid Nurul Huda , Cengkareng Timur, Cengkareng","Jl. Masjid Nurul Huda, RW.1, Cengkareng Tim., Kecamatan Cengkareng, Kota Jakarta Barat, Daerah Khusus Ibukota Jakarta 11730, Indonesia","(-6.153101899999999, 106.7311322, 0.0)",-6.1531019,106.7311322,0
Jl.Kebon Jeruk 13 No..95,Maphar,Tamansari,"Jl.Kebon Jeruk 13 No..95, Maphar, Tamansari","Jl. Kebon Jeruk XIII No.95, RT.5/RW.7, Maphar, Kec. Taman Sari, Kota Jakarta Barat, Daerah Khusus Ibukota Jakarta 11160, Indonesia","(-6.154403599999999, 106.8215967, 0.0)",-6.1544036,106.8215967,0
Jl.Masdjid Nurul Iman,Kalideres,Kalideres,"Jl.Masdjid Nurul Iman, Kalideres, Kalideres","Jl. Masjid Nurul Iman, Jurumudi, Benda, Kota Tangerang, Banten 15124, Indonesia","(-6.135875, 106.6905899, 0.0)",-6.135875,106.6905899,0
Jl. Pesanggrahan,Kembangan Selatan,Kembangan,"Jl. Pesanggrahan, Kembangan Selatan, Kembangan","Jl. Pesanggrahan, Kembangan Sel., Kec. Kembangan, Kota Jakarta Barat, Daerah Khusus Ibukota Jakarta, Indonesia","(-6.188708699999999, 106.7556308, 0.0)",-6.1887087,106.7556308,0
Jl. Kebon Jeruk 3 dan 4 ,Maphar,Tamansari,"Jl. Kebon Jeruk 3 dan 4 , Maphar, Tamansari","jl.kebon jeruk III kel.maphar kec. taman sari jak-bar, 11150, RT.1/RW.4, Maphar, Kec. Taman Sari, jakarta, Daerah Khusus Ibukota Jakarta 11150, Indonesia","(-6.158692, 106.82034, 0.0)",-6.158692,106.82034,0
Jl. Kebon Jeruk 3 dan 4 ,Maphar,Tamansari,"Jl. Kebon Jeruk 3 dan 4 , Maphar, Tamansari","jl.kebon jeruk III kel.maphar kec. taman sari jak-bar, 11150, RT.1/RW.4, Maphar, Kec. Taman Sari, jakarta, Daerah Khusus Ibukota Jakarta 11150, Indonesia","(-6.158692, 106.82034, 0.0)",-6.158692,106.82034,0
Jl.Kebon Jeruk IX No..44,Maphar,Tamansari,"Jl.Kebon Jeruk IX No..44, Maphar, Tamansari","Jl. Kebon Jeruk IX No.44, RT.3/RW.4, Maphar, Kec. Taman Sari, Kota Jakarta Barat, Daerah Khusus Ibukota Jakarta 11160, Indonesia","(-6.15509, 106.820954, 0.0)",-6.15509,106.820954,0
Jl. Mangga Besar IX (Lokasari Square),Tangki,Tamansari,"Jl. Mangga Besar IX (Lokasari Square), Tangki, Tamansari","Lokasari Square, RT.6/RW.2, Tangki, Kec. Taman Sari, Kota Jakarta Barat, Daerah Khusus Ibukota Jakarta 11170, Indonesia","(-6.146637399999999, 106.8238469, 0.0)",-6.1466374,106.8238469,0
Jl. Keselamatan No.15,Krukut,Tamansari,"Jl. Keselamatan No.15, Krukut, Tamansari","Jl. Keselamatan No.15, RT.5/RW.8, Krukut, Kec. Taman Sari, Kota Jakarta Barat, Daerah Khusus Ibukota Jakarta 11140, Indonesia","(-6.1574003, 106.8174234, 0.0)",-6.1574003,106.8174234,0
Jl. Ambon,Cengkareng Timur,Cengkareng,"Jl. Ambon, Cengkareng Timur, Cengkareng","Jl. Ambon, RW.2, Cengkareng Tim., Kecamatan Cengkareng, Kota Jakarta Barat, Daerah Khusus Ibukota Jakarta 11730, Indonesia","(-6.1494088, 106.729649, 0.0)",-6.1494088,106.729649,0
Jl. Perniagaan Raya,Roa Malaka,Tambora,"Jl. Perniagaan Raya, Roa Malaka, Tambora","Jl. Perniagaan Raya, Roa Malaka, Kec. Tambora, Kota Jakarta Barat, Daerah Khusus Ibukota Jakarta, Indonesia","(-6.1416396, 106.807986, 0.0)",-6.1416396,106.807986,0
Jl.Kembangan Raya No..19,Kembangan Selatan,Kembangan,"Jl.Kembangan Raya No..19, Kembangan Selatan, Kembangan","Jl. Kembangan Raya No.19, RT.1/RW.3, Kembangan Sel., Kec. Kembangan, Kota Jakarta Barat, Daerah Khusus Ibukota Jakarta 11610, Indonesia","(-6.178495799999999, 106.7440861, 0.0)",-6.1784958,106.7440861,0
Jl.Perdana Kav K no.143,Wijaya Kusuma,Grogol Petamburan,"Jl.Perdana Kav K no.143, Wijaya Kusuma, Grogol Petamburan","JL. Perdana, Kavling K/143, Jelambar, RT.7/RW.4, Wijaya Kusuma, Kec. Grogol petamburan, Kota Jakarta Barat, Daerah Khusus Ibukota Jakarta 11460, Indonesia","(-6.151974399999999, 106.7759074, 0.0)",-6.1519744,106.7759074,0
Jl.Kartika No..101,Meruya Utara,Kembangan,"Jl.Kartika No..101, Meruya Utara, Kembangan","Jl. Kartika No.101, RT.3/RW.4, Meruya Utara, Kec. Kembangan, Kota Jakarta Barat, Daerah Khusus Ibukota Jakarta 11620, Indonesia","(-6.2032007, 106.736327, 0.0)",-6.2032007,106.736327,0
Jl.Cendrawasi 7 No..14,Cengkareng Barat,Cengkareng,"Jl.Cendrawasi 7 No..14, Cengkareng Barat, Cengkareng","14, Jl. Cendrawasih Raya No.7, RT.1/RW.6, Cengkareng Bar., Kecamatan Cengkareng, Kota Jakarta Barat, Daerah Khusus Ibukota Jakarta 11730, Indonesia","(-6.145203, 106.7272283, 0.0)",-6.145203,106.7272283,0
Jl. Prepetan Raya No.10,Kamal,Kalideres,"Jl. Prepetan Raya No.10, Kamal, Kalideres","Jl. Raya Prepedan No.10, RT.6/RW.13, Tegal Alur, Kec. Kalideres, Kota Jakarta Barat, Daerah Khusus Ibukota Jakarta 11820, Indonesia","(-6.106828999999999, 106.7018077, 0.0)",-6.106829,106.7018077,0
Jl. Madu,Mangga Besar,Tamansari,"Jl. Madu, Mangga Besar, Tamansari","Jl. Madu, Mangga Besar, Kec. Taman Sari, Kota Jakarta Barat, Daerah Khusus Ibukota Jakarta, Indonesia","(-6.1440731, 106.8194855, 0.0)",-6.1440731,106.8194855,0
"Jl. Taman Kota, Blok. A6",Kembangan Utara,Kembangan,"Jl. Taman Kota, Blok. A6, Kembangan Utara, Kembangan","Jl. Taman Kota, Kembangan Utara, Kec. Kembangan, Kota Jakarta Barat, Daerah Khusus Ibukota Jakarta, Indonesia","(-6.158970999999999, 106.756114, 0.0)",-6.158971,106.756114,0
Jl. Madu,Mangga Besar,Tamansari,"Jl. Madu, Mangga Besar, Tamansari","Jl. Madu, Mangga Besar, Kec. Taman Sari, Kota Jakarta Barat, Daerah Khusus Ibukota Jakarta, Indonesia","(-6.1440731, 106.8194855, 0.0)",-6.1440731,106.8194855,0
Taman Ratu,Duri Kepa,Kebun Jeruk,"Taman Ratu, Duri Kepa, Kebun Jeruk","Jl. Taman Ratu Raya, Duri Kepa, Kec. Kb. Jeruk, Kota Jakarta Barat, Daerah Khusus Ibukota Jakarta, Indonesia","(-6.1726259, 106.7675609, 0.0)",-6.1726259,106.7675609,0
Jl. PadaMulya,Angke,Tambora,"Jl. PadaMulya, Angke, Tambora","Jl. Pada Mulya, Angke, Kec. Tambora, Kota Jakarta Barat, Daerah Khusus Ibukota Jakarta 11330, Indonesia","(-6.1465386, 106.7920667, 0.0)",-6.1465386,106.7920667,0
Jl.Tomang Banjir Kanal No..46,Tomang,Grogol Petamburan,"Jl.Tomang Banjir Kanal No..46, Tomang, Grogol Petamburan","Jl. Tomang Banjir Kanal No.46, RT.4/RW.4, Tomang, Kec. Grogol petamburan, Kota Jakarta Barat, Daerah Khusus Ibukota Jakarta 11440, Indonesia","(-6.172800199999999, 106.8046867, 0.0)",-6.1728002,106.8046867,0
Jl. Duri ( TSS Raya ) No. 31,Duri Utara,Tambora,"Jl. Duri ( TSS Raya ) No. 31, Duri Utara, Tambora","Jl. Duri (Tss Raya) No.31, RT.10/RW.3, Duri Utara, Kec. Tambora, Kota Jakarta Barat, Daerah Khusus Ibukota Jakarta 11270, Indonesia","(-6.156589899999999, 106.803808, 0.0)",-6.1565899,106.803808,0
Jl.Mangga Besar V,Mangga Besar,Tamansari,"Jl.Mangga Besar V, Mangga Besar, Tamansari","Jl. Mangga Besar V, Mangga Besar, Kec. Taman Sari, Kota Jakarta Barat, Daerah Khusus Ibukota Jakarta, Indonesia","(-6.145845800000001, 106.8206408, 0.0)",-6.1458458,106.8206408,0
Jl.Kebon Jeruk 17,Maphar,Tamansari,"Jl.Kebon Jeruk 17, Maphar, Tamansari","Jl. Kebon Jeruk XVII, Maphar, Kec. Taman Sari, Kota Jakarta Barat, Daerah Khusus Ibukota Jakarta, Indonesia","(-6.1515767, 106.8199369, 0.0)",-6.1515767,106.8199369,0
Jl.Lesehan Kehed / Utan Jati Raya,Pegadungan,Kalideres,"Jl.Lesehan Kehed / Utan Jati Raya, Pegadungan, Kalideres","Jalan Utan Jati No.109 RT.09, kel, RT.3/RW.11, Pegadungan, Kec. Kalideres, Kota Jakarta Barat, Daerah Khusus Ibukota Jakarta 11840, Indonesia","(-6.147687400000001, 106.713529, 0.0)",-6.1476874,106.713529,0
Jl.Daan Mogot (Depan Terminal Kalideres),Kalideres,Kalideres,"Jl.Daan Mogot (Depan Terminal Kalideres), Kalideres, Kalideres","Kalideres, Jl. Daan Mogot, Cengkareng Tim., Kecamatan Cengkareng, Kota Jakarta Barat, Daerah Khusus Ibukota Jakarta, Indonesia","(-6.154493, 106.7055273, 0.0)",-6.154493,106.7055273,0
Jl. Kedoya Raya No. 19,Kedoya Utara,Kebun Jeruk,"Jl. Kedoya Raya No. 19, Kedoya Utara, Kebun Jeruk","Jl. Kedoya Raya Blok Mesjid No.19, RT.2/RW.6, Kedoya Utara, Kec. Kb. Jeruk, Kota Jakarta Barat, Daerah Khusus Ibukota Jakarta 11520, Indonesia","(-6.172096, 106.759327, 0.0)",-6.172096,106.759327,0
Jl. Pekojan III No.15,Pekojan,Tambora,"Jl. Pekojan III No.15, Pekojan, Tambora","Jl. Pekojan III No.15, RW.1, Pekojan, Kec. Tambora, Kota Jakarta Barat, Daerah Khusus Ibukota Jakarta 14450, Indonesia","(-6.1408555, 106.8006811, 0.0)",-6.1408555,106.8006811,0
Jl.Jelambar Selatan XVI,Jelambar Baru,Grogol Petamburan,"Jl.Jelambar Selatan XVI, Jelambar Baru, Grogol Petamburan","Jl. Jelambar Selatan XVI, Jelambar Baru, Kec. Grogol petamburan, Kota Jakarta Barat, Daerah Khusus Ibukota Jakarta 11460, Indonesia","(-6.1495142, 106.7872359, 0.0)",-6.1495142,106.7872359,0
Jl. Srengseng Raya No.12,Srengseng,Kembangan,"Jl. Srengseng Raya No.12, Srengseng, Kembangan","Jl. Srengseng Raya No.12, RT.6/RW.1, Srengseng, Kec. Kembangan, Kota Jakarta Barat, Daerah Khusus Ibukota Jakarta 11630, Indonesia","(-6.2059423, 106.7590222, 0.0)",-6.2059423,106.7590222,0
Jl. Fajar Baru,Cengkareng Timur,Cengkareng,"Jl. Fajar Baru, Cengkareng Timur, Cengkareng","Jl. Fajar Baru Selatan, Cengkareng Tim., Kecamatan Cengkareng, Kota Jakarta Barat, Daerah Khusus Ibukota Jakarta, Indonesia","(-6.1467215, 106.7324732, 0.0)",-6.1467215,106.7324732,0
Jl.Talib 2,Krukut,Tamansari,"Jl.Talib 2, Krukut, Tamansari","Jl. Talib II, Krukut, Kec. Taman Sari, Kota Jakarta Barat, Daerah Khusus Ibukota Jakarta 11140, Indonesia","(-6.157877, 106.8131714, 0.0)",-6.157877,106.8131714,0
Jl. Kesederhanaan No. 43,Keagungan,Tamansari,"Jl. Kesederhanaan No. 43, Keagungan, Tamansari","Jl. Kesederhanaan No.43, RT.1/RW.9, Keagungan, Kec. Taman Sari, Kota Jakarta Barat, Daerah Khusus Ibukota Jakarta 11130, Indonesia","(-6.15029, 106.815174, 0.0)",-6.15029,106.815174,0
Jl.Mangga Besar Raya No. 101,Tangki,Tamansari,"Jl.Mangga Besar Raya No. 101, Tangki, Tamansari","Jl. Raya Mangga Besar No.101, RT.1/RW.2, Taman Sari, Kec. Taman Sari, Kota Jakarta Barat, Daerah Khusus Ibukota Jakarta 11150, Indonesia","(-6.1490651, 106.8237574, 0.0)",-6.1490651,106.8237574,0
Jl.Melati 4,Kapuk,Cengkareng,"Jl.Melati 4, Kapuk, Cengkareng","Melati 4, RW.9, Kapuk, Kecamatan Cengkareng, Kota Jakarta Barat, Daerah Khusus Ibukota Jakarta 11720, Indonesia","(-6.1492687, 106.7444724, 0.0)",-6.1492687,106.7444724,0
Jl. Mangga Raya No.11 Green Ville,Duri Kepa,Kebun Jeruk,"Jl. Mangga Raya No.11 Green Ville, Duri Kepa, Kebun Jeruk","GreenVille, Jl. Tj. Duren Barat, RT.2/RW.9, Duri Kepa, Kec. Kb. Jeruk, Kota Jakarta Barat, Daerah Khusus Ibukota Jakarta 11510, Indonesia","(-6.1732613, 106.7778806, 0.0)",-6.1732613,106.7778806,0
Jl. Kembangan Raya,Kembangan Selatan,Kembangan,"Jl. Kembangan Raya, Kembangan Selatan, Kembangan","Jl. Kembangan Raya, Kembangan Sel., Kec. Kembangan, Kota Jakarta Barat, Daerah Khusus Ibukota Jakarta, Indonesia","(-6.1827618, 106.7400191, 0.0)",-6.1827618,106.7400191,0
Jl. Peta Selatan,Kalideres,Kalideres,"Jl. Peta Selatan, Kalideres, Kalideres","Jl. Peta Selatan, Kalideres, Kec. Kalideres, Kota Jakarta Barat, Daerah Khusus Ibukota Jakarta 11840, Indonesia","(-6.150792699999999, 106.7023772, 0.0)",-6.1507927,106.7023772,0
Jl.Peta Selatan (Pasar Kalideres),Kalideres,Kalideres,"Jl.Peta Selatan (Pasar Kalideres), Kalideres, Kalideres","Perumahan Kalideres Permai No, Jl. Peta Selatan No.1, RT.10/RW.14, Kalideres, Kec. Kalideres, Kota Jakarta Barat, Daerah Khusus Ibukota Jakarta 11840, Indonesia","(-6.1480558, 106.7029715, 0.0)",-6.1480558,106.7029715,0
Jl.Srengseng Raya No. 41,srengseng,Kembangan,"Jl.Srengseng Raya No. 41, srengseng, Kembangan","Jl. Srengseng Raya No.41, RW.1, Srengseng, Kec. Kembangan, Kota Jakarta Barat, Daerah Khusus Ibukota Jakarta 11630, Indonesia","(-6.1984856, 106.7562261, 0.0)",-6.1984856,106.7562261,0
Jl.Kedoya Raya,Kedoya Selatan,Kebun Jeruk,"Jl.Kedoya Raya, Kedoya Selatan, Kebun Jeruk","Jl. Kedoya Raya, Kedoya Sel., Kec. Kb. Jeruk, Kota Jakarta Barat, Daerah Khusus Ibukota Jakarta, Indonesia","(-6.181337999999999, 106.7618425, 0.0)",-6.181338,106.7618425,0
Jl. Tanjung Duren Utara IIIA Kav. 326,Tanjung Duren Utara,Grogol Petamburan,"Jl. Tanjung Duren Utara IIIA Kav. 326, Tanjung Duren Utara, Grogol Petamburan","Blok M, Jl. Tanjung Duren Utara 3 No.Kav.326, RT.7/RW.3, Tj. Duren Utara, Kec. Grogol petamburan, Kota Jakarta Barat, Daerah Khusus Ibukota Jakarta 11470, Indonesia","(-6.1730981, 106.7847239, 0.0)",-6.1730981,106.7847239,0
Apartemen Green Palm Residence Lantai 2 Blok C3 Jl. Taman Kosambi Timur,Duri Kosambi,Cengkareng,"Apartemen Green Palm Residence Lantai 2 Blok C3 Jl. Taman Kosambi Timur, Duri Kosambi, Cengkareng","Jl. Kresek Raya No.11, RT.11/RW.13, Duri Kosambi, Kecamatan Cengkareng, Kota Jakarta Barat, Daerah Khusus Ibukota Jakarta 11750, Indonesia","(-6.174781100000001, 106.7152963, 0.0)",-6.1747811,106.7152963,0
Jl. Tol Dalam Kota (Ruas S. Parman Arah Pluit),Tomang,Grogol Petamburan,"Jl. Tol Dalam Kota (Ruas S. Parman Arah Pluit), Tomang, Grogol Petamburan","Gerbang Tol Tj. Duren, Jl. Letjen S. Parman, RT.3/RW.8, Tomang, Kec. Grogol petamburan, Kota Jakarta Barat, Daerah Khusus Ibukota Jakarta 11440, Indonesia","(-6.173258, 106.7903212, 0.0)",-6.173258,106.7903212,0
Jl. Kapuk Kamal Raya  Gg. Damai,Tegal Alur,Kalideres,"Jl. Kapuk Kamal Raya  Gg. Damai, Tegal Alur, Kalideres","A., Jl. Kamal Raya No.93, RT.6/RW.2, Tegal Alur, Kec. Kalideres, Kota Jakarta Barat, Daerah Khusus Ibukota Jakarta 11820, Indonesia","(-6.1167881, 106.7182624, 0.0)",-6.1167881,106.7182624,0
Jl.Jembatan Besi 12,Jembatan Besi,Tambora,"Jl.Jembatan Besi 12, Jembatan Besi, Tambora","Jl. Jembatan Besi XII, Jemb. Besi, Kec. Tambora, Kota Jakarta Barat, Daerah Khusus Ibukota Jakarta, Indonesia","(-6.153381, 106.801074, 0.0)",-6.153381,106.801074,0
Jl. Raya Kembangan,Kembangan Selatan,Kembangan,"Jl. Raya Kembangan, Kembangan Selatan, Kembangan","Jl. Kembangan Selatan, Kembangan Sel., Kec. Kembangan, Kota Jakarta Barat, Daerah Khusus Ibukota Jakarta, Indonesia","(-6.1863559, 106.7257301, 0.0)",-6.1863559,106.7257301,0
Jl. Jambu Air No.45,Pegadungan,Kalideres,"Jl. Jambu Air No.45, Pegadungan, Kalideres","Jl. Jambu Air No.45, RT.6/RW.2, Pegadungan, Kec. Kalideres, Kota Jakarta Barat, Daerah Khusus Ibukota Jakarta 11830, Indonesia","(-6.135839, 106.703017, 0.0)",-6.135839,106.703017,0
Jl. Mangga Raya No..8 A ( Toko Pismanis ),Duri Kepa,Kebun Jeruk,"Jl. Mangga Raya No..8 A ( Toko Pismanis ), Duri Kepa, Kebun Jeruk","Jl. Mangga Raya, RT.2/RW.9, Duri Kepa, Kec. Kb. Jeruk, Kota Jakarta Barat, Daerah Khusus Ibukota Jakarta 11510, Indonesia","(-6.1734906, 106.7779896, 0.0)",-6.1734906,106.7779896,0
Jl. Empang Bahagia Gg. N No.13,Grogol,Grogol Petamburan,"Jl. Empang Bahagia Gg. N No.13, Grogol, Grogol Petamburan","Jl. Empang Bahagia VI Gg. N No.13, RW.11, Jelambar, Kec. Grogol petamburan, Kota Jakarta Barat, Daerah Khusus Ibukota Jakarta 11460, Indonesia","(-6.1594618, 106.7870868, 0.0)",-6.1594618,106.7870868,0
Jl.Adhi Karya No..15,Kedoya Selatan,Kebun Jeruk,"Jl.Adhi Karya No..15, Kedoya Selatan, Kebun Jeruk","Jl. Adhi Karya No.15, RT.6/RW.5, Kedoya Sel., Kec. Kb. Jeruk, Kota Jakarta Barat, Daerah Khusus Ibukota Jakarta 11520, Indonesia","(-6.178391, 106.754955, 0.0)",-6.178391,106.754955,0
Jl.Kamal Raya No..11,Tegal Alur,Kalideres,"Jl.Kamal Raya No..11, Tegal Alur, Kalideres","Jl. Kamal Raya Blok I.8 No.11, RT.11/RW.6, Tegal Alur, Kec. Kalideres, Kota Jakarta Barat, Daerah Khusus Ibukota Jakarta 11820, Indonesia","(-6.122655, 106.721512, 0.0)",-6.122655,106.721512,0
Jl. Kamal Raya,Tegal Alur,Kalideres,"Jl. Kamal Raya, Tegal Alur, Kalideres","Jl. Kamal Raya, Tegal Alur, Kec. Kalideres, Kota Jakarta Barat, Daerah Khusus Ibukota Jakarta, Indonesia","(-6.1191721, 106.71942, 0.0)",-6.1191721,106.71942,0
Jl. H. Ashari,Kedoya Selatan,Kebun Jeruk,"Jl. H. Ashari, Kedoya Selatan, Kebun Jeruk","Jl Kedoya 2-F RT 02%2F02 Kedoya Selatan Kebon Jeruk Jakarta Barat DKI Jakarta, RT.19/RW.4, Kedoya Sel., Kec. Kb. Jeruk, Kota Jakarta Barat, Daerah Khusus Ibukota Jakarta 11520, Indonesia","(-6.186329499999999, 106.767696, 0.0)",-6.1863295,106.767696,0
Jl.Puri Indah Raya Blok A No..16,Kembangan selatan,Kembangan,"Jl.Puri Indah Raya Blok A No..16, Kembangan selatan, Kembangan","16, Jl. Puri Indah Raya Blok T2 No.12A, RT.1/RW.2, Kembangan Sel., Kec. Kembangan, Kota Jakarta Barat, Daerah Khusus Ibukota Jakarta 11610, Indonesia","(-6.1872647, 106.7352033, 0.0)",-6.1872647,106.7352033,0
Jl.Empang Bahagia Raya No..1H,Jelambar,Grogol Petamburan,"Jl.Empang Bahagia Raya No..1H, Jelambar, Grogol Petamburan","E Jl. Empang Bahagia Raya No.1, RT.2/RW.6, Jelambar, Kec. Grogol petamburan, Kota Jakarta Barat, Daerah Khusus Ibukota Jakarta 11460, Indonesia","(-6.159142, 106.790927, 0.0)",-6.159142,106.790927,0
Jl.Bakti 1 ( Masjid Al - Zamiah ),Kapuk,Cengkareng,"Jl.Bakti 1 ( Masjid Al - Zamiah ), Kapuk, Cengkareng","Jl. Bakti No.1, RT.6/RW.13, Kapuk, Kecamatan Cengkareng, Kota Jakarta Barat, Daerah Khusus Ibukota Jakarta 11720, Indonesia","(-6.143111999999999, 106.741538, 0.0)",-6.143112,106.741538,0
Jl.Flamboyan Gg.Jaya 1 ( SDN 16 Cengkareng ),Cengkareng Barat,Cengkareng,"Jl.Flamboyan Gg.Jaya 1 ( SDN 16 Cengkareng ), Cengkareng Barat, Cengkareng","Jl. Flamboyan, Cengkareng Bar., Kecamatan Cengkareng, Kota Jakarta Barat, Daerah Khusus Ibukota Jakarta 11730, Indonesia","(-6.1316902, 106.7264412, 0.0)",-6.1316902,106.7264412,0
Jl.Mangga Besar IX No..08,Tangki,Tamansari,"Jl.Mangga Besar IX No..08, Tangki, Tamansari","Jl. Mangga Besar IX No.8, RT.12/RW.4, Tangki, Kec. Taman Sari, Kota Jakarta Barat, Daerah Khusus Ibukota Jakarta 11170, Indonesia","(-6.1452862, 106.8237326, 0.0)",-6.1452862,106.8237326,0
Jl.Tanggul Banjir Kanal BArat ( Pasar Gili ),Jati Pulo,Palmerah,"Jl.Tanggul Banjir Kanal BArat ( Pasar Gili ), Jati Pulo, Palmerah","Jalan Jati Pulo C1 No.RT.4, RT.4/RW.10, Jatipulo, Kec. Palmerah, Kota Jakarta Barat, Daerah Khusus Ibukota Jakarta 11420, Indonesia","(-6.1821639, 106.8094086, 0.0)",-6.1821639,106.8094086,0
Jl.Bojong Raya No..11,Rawa Buaya,Cengkareng,"Jl.Bojong Raya No..11, Rawa Buaya, Cengkareng","Jl. Bojong Raya No.11, RT.1/RW.4, Rw. Buaya, Kecamatan Cengkareng, Kota Jakarta Barat, Daerah Khusus Ibukota Jakarta 11740, Indonesia","(-6.1625929, 106.7331989, 0.0)",-6.1625929,106.7331989,0
Jl. Lada Dalam,Pinangsia,Tamansari,"Jl. Lada Dalam, Pinangsia, Tamansari","Jl. Lada Dalam, Pinangsia, Kec. Taman Sari, Kota Jakarta Barat, Daerah Khusus Ibukota Jakarta 11110, Indonesia","(-6.136309000000001, 106.8155257, 0.0)",-6.136309,106.8155257,0
Jl.Sulaiman,Kelapa Dua,Kebun Jeruk,"Jl.Sulaiman, Kelapa Dua, Kebun Jeruk","Jl. Sulaiman, Kec. Palmerah, Kota Jakarta Barat, Daerah Khusus Ibukota Jakarta 11480, Indonesia","(-6.199654, 106.7956445, 0.0)",-6.199654,106.7956445,0
Kavling BRI Blok C No..1,Meruya Selatan,Kembangan,"Kavling BRI Blok C No..1, Meruya Selatan, Kembangan","Blk. C No.1, Meruya Sel., Kec. Kembangan, Kota Jakarta Barat, Daerah Khusus Ibukota Jakarta 11630, Indonesia","(-6.2018571, 106.7417132, 0.0)",-6.2018571,106.7417132,0
Komp DKI Blok CC No. 8,Joglo,Kembangan,"Komp DKI Blok CC No. 8, Joglo, Kembangan","Jl. Komp. Dki, Joglo, Kec. Kembangan, Kota Jakarta Barat, Daerah Khusus Ibukota Jakarta 11640, Indonesia","(-6.222727799999999, 106.7315681, 0.0)",-6.2227278,106.7315681,0
Jl.Kerajinan Kebun Sayur 1 No..5,Keagungan,Tamansari,"Jl.Kerajinan Kebun Sayur 1 No..5, Keagungan, Tamansari","Jl. Kerajinan Kebun Sayur No.1, RT.16/RW.3, Keagungan, Kec. Taman Sari, Kota Jakarta Barat, Daerah Khusus Ibukota Jakarta 11130, Indonesia","(-6.154014099999999, 106.8127683, 0.0)",-6.1540141,106.8127683,0
Jl. Alfalah II No.16,Duri Kosambi,Cengkareng,"Jl. Alfalah II No.16, Duri Kosambi, Cengkareng","Jl. Al Falah Ⅱ No.16, RT.5/RW.8, Duri Kosambi, Kecamatan Cengkareng, Kota Jakarta Barat, Daerah Khusus Ibukota Jakarta 11750, Indonesia","(-6.1797023, 106.716133, 0.0)",-6.1797023,106.716133,0
Jl. Sulaiman Blok C,Sukabumi Utara,Kebun Jeruk,"Jl. Sulaiman Blok C, Sukabumi Utara, Kebun Jeruk","Jl. Sulaiman Blok c No.2, RT.7/RW.6, Sukabumi Utara, Kec. Kb. Jeruk, Kota Jakarta Barat, Daerah Khusus Ibukota Jakarta 11540, Indonesia","(-6.206239, 106.7810049, 0.0)",-6.206239,106.7810049,0
Taman Alfa Indah Blok S No..4,Joglo,Kembangan,"Taman Alfa Indah Blok S No..4, Joglo, Kembangan","Jl. Taman Alfa Indah Blok B No.4, RT.8/RW.7, Joglo, Kec. Kembangan, Kota Jakarta Barat, Daerah Khusus Ibukota Jakarta 11640, Indonesia","(-6.221707899999999, 106.750578, 0.0)",-6.2217079,106.750578,0
Jl. Kebon 200,Kamal,Kalideres,"Jl. Kebon 200, Kamal, Kalideres","Jl. Kb. 200, Kamal, Kec. Kalideres, Kota Jakarta Barat, Daerah Khusus Ibukota Jakarta 11810, Indonesia","(-6.102764, 106.7051455, 0.0)",-6.102764,106.7051455,0
Jl.Jembatan 2 Barat,Angke,Tambora,"Jl.Jembatan 2 Barat, Angke, Tambora","Jl. Jemb. 2, Angke, Kec. Tambora, Kota Jakarta Barat, Daerah Khusus Ibukota Jakarta, Indonesia","(-6.146886299999999, 106.7918172, 0.0)",-6.1468863,106.7918172,0
Jl. Taman Surya 2 (depan sekolah Kanaan),Pegadungan,Kalideres,"Jl. Taman Surya 2 (depan sekolah Kanaan), Pegadungan, Kalideres","Komplek, Taman Surya III Jl. Taman Surya Boulevard, RT.10/RW.15, Pegadungan, Kec. Kalideres, Kota Jakarta Barat, Daerah Khusus Ibukota Jakarta 11830, Indonesia","(-6.133894499999999, 106.7155674, 0.0)",-6.1338945,106.7155674,0
Jl. Sulaiman (Pasar Bunga Rawa Belong),Sukabumi Utara,Kebun Jeruk,"Jl. Sulaiman (Pasar Bunga Rawa Belong), Sukabumi Utara, Kebun Jeruk","Jl. Sulaiman No.56, RT.10/RW.3, Sukabumi Utara, Kec. Kb. Jeruk, Kota Jakarta Barat, Daerah Khusus Ibukota Jakarta 11540, Indonesia","(-6.2061272, 106.7782048, 0.0)",-6.2061272,106.7782048,0
Jl. Teratai 8,Jembatan Lima,Tambora,"Jl. Teratai 8, Jembatan Lima, Tambora","Jembatan Lima, Tambora, West Jakarta City, Jakarta, Indonesia","(-6.1451657, 106.804564, 0.0)",-6.1451657,106.804564,0
Komplek DKI Blok D No..3,Joglo,Kembangan,"Komplek DKI Blok D No..3, Joglo, Kembangan","3, Jl. Komp. Dki Blok D No.7, RT.8/RW.2, Joglo, Kec. Kembangan, Kota Jakarta Barat, Daerah Khusus Ibukota Jakarta 11640, Indonesia","(-6.222267, 106.732003, 0.0)",-6.222267,106.732003,0
Jl. Krendang Utara,Krendang,Tambora,"Jl. Krendang Utara, Krendang, Tambora","Jl. Krendang Utara, Krendang, Kec. Tambora, Kota Jakarta Barat, Daerah Khusus Ibukota Jakarta, Indonesia","(-6.148056599999999, 106.8041751, 0.0)",-6.1480566,106.8041751,0
Jl.Kyai Tapa Depan Roxy Squer,Tomang,Grogol Petamburan,"Jl.Kyai Tapa Depan Roxy Squer, Tomang, Grogol Petamburan","10, Jl. Kyai Tapa No.1, RT.10/RW.10, Tomang, Kec. Grogol petamburan, Kota Jakarta Barat, Daerah Khusus Ibukota Jakarta 11440, Indonesia","(-6.166776, 106.7996107, 0.0)",-6.166776,106.7996107,0
Jl. Kresek Raya No.7,Duri Kosambi,Cengkareng,"Jl. Kresek Raya No.7, Duri Kosambi, Cengkareng","Jl. Raya Kresek No.7, RT.5/RW.13, Duri Kosambi, Kecamatan Cengkareng, Kota Jakarta Barat, Daerah Khusus Ibukota Jakarta 11750, Indonesia","(-6.176693999999999, 106.708928, 0.0)",-6.176694,106.708928,0
Jl. Kedoya Raya No.42,Kedoya Selatan,Kebun Jeruk,"Jl. Kedoya Raya No.42, Kedoya Selatan, Kebun Jeruk","Jl. Kedoya Raya No.42, RT.1/RW.3, Kedoya Sel., Kec. Kb. Jeruk, Kota Jakarta Barat, Daerah Khusus Ibukota Jakarta 11520, Indonesia","(-6.179087699999999, 106.7576023, 0.0)",-6.1790877,106.7576023,0
Jl. Tanjung Duren Timur IV,Tanjung Duren Selatan,Grogol Petamburan,"Jl. Tanjung Duren Timur IV, Tanjung Duren Selatan, Grogol Petamburan","Jl. Tj. Duren Timur IV, Tj. Duren Sel., Kec. Grogol petamburan, Kota Jakarta Barat, Daerah Khusus Ibukota Jakarta 11470, Indonesia","(-6.178278, 106.7845215, 0.0)",-6.178278,106.7845215,0
Jl. warung Pojok,Semanan,Kalideres,"Jl. warung Pojok, Semanan, Kalideres","Jl. Wr. Pojok, Semanan, Kec. Kalideres, Kota Jakarta Barat, Daerah Khusus Ibukota Jakarta, Indonesia","(-6.1622615, 106.6919635, 0.0)",-6.1622615,106.6919635,0
Jl. Rawa Gabus,Kapuk,Cengkareng,"Jl. Rawa Gabus, Kapuk, Cengkareng","Jl. Rw. Gabus, RW.11, Kapuk, Kecamatan Cengkareng, Kota Jakarta Barat, Daerah Khusus Ibukota Jakarta 11720, Indonesia","(-6.1297621, 106.7405316, 0.0)",-6.1297621,106.7405316,0
Jl. Raya Cabe Rawit No. 5,Rawa Buaya,Cengkareng,"Jl. Raya Cabe Rawit No. 5, Rawa Buaya, Cengkareng","Jl. Cabe Rawit Raya No.5, RT.5/RW.11, Rw. Buaya, Kecamatan Cengkareng, Kota Jakarta Barat, Daerah Khusus Ibukota Jakarta 11740, Indonesia","(-6.1611299, 106.7414554, 0.0)",-6.1611299,106.7414554,0
Jl. Kebon Jeruk 7,Maphar,Tamansari,"Jl. Kebon Jeruk 7, Maphar, Tamansari","Jl. Kebon Jeruk VII, Maphar, Kec. Taman Sari, Kota Jakarta Barat, Daerah Khusus Ibukota Jakarta 11160, Indonesia","(-6.1569809, 106.8198302, 0.0)",-6.1569809,106.8198302,0
Jl. KH.Muh. Mansyur ,Tanah Sereal,Tambora,"Jl. KH.Muh. Mansyur , Tanah Sereal, Tambora","Jl. KH.Moh.Mansyur, Tanah Sereal, Kec. Tambora, Kota Jakarta Barat, Daerah Khusus Ibukota Jakarta, Indonesia","(-6.1539718, 106.8079279, 0.0)",-6.1539718,106.8079279,0
Jl. Tolo ,Srengseng,Kembangan,"Jl. Tolo , Srengseng, Kembangan","Jl. Tolo, Srengseng, Kec. Kembangan, Kota Jakarta Barat, Daerah Khusus Ibukota Jakarta 11630, Indonesia","(-6.200792000000001, 106.7540892, 0.0)",-6.200792,106.7540892,0
Jl. . Kayu Besar 10 No.8,Tegal Alur,Kalideres,"Jl. . Kayu Besar 10 No.8, Tegal Alur, Kalideres","Jl. Kayu Besar 10 Blok D1 No.8, RT.4/RW.1, Tegal Alur, Kec. Kalideres, Kota Jakarta Barat, Daerah Khusus Ibukota Jakarta 11820, Indonesia","(-6.1094399, 106.716078, 0.0)",-6.1094399,106.716078,0
"Jl. Mangga Besar IX, Gg. Langgar, No. 5",Tangki,Tamansari,"Jl. Mangga Besar IX, Gg. Langgar, No. 5, Tangki, Tamansari","Jl. Mangga Besar IX, RW.5, Kota Tua, Tangki, Kec. Taman Sari, Kota Jakarta Barat, Daerah Khusus Ibukota Jakarta, Indonesia","(-6.1447452, 106.823454, 0.0)",-6.1447452,106.823454,0
Jl. Joglo Raya,Joglo,Kembangan,"Jl. Joglo Raya, Joglo, Kembangan","Jl. Joglo Raya, Joglo, Kec. Kembangan, Kota Jakarta Barat, Daerah Khusus Ibukota Jakarta, Indonesia","(-6.2203947, 106.7405232, 0.0)",-6.2203947,106.7405232,0
"Jl. Tubagus Angke Komp. Rukan Jelambar Center Blok E, No. 41",Jelambar,Grogol Petamburan,"Jl. Tubagus Angke Komp. Rukan Jelambar Center Blok E, No. 41, Jelambar, Grogol Petamburan","Jl. Jelambar Center No.41, RT.13/RW.7, Jelambar Baru, Kec. Grogol petamburan, Kota Jakarta Barat, Daerah Khusus Ibukota Jakarta 11460, Indonesia","(-6.1449802, 106.7860312, 0.0)",-6.1449802,106.7860312,0
 Jl. Salman no.187 ,Kebon jeruk,Kebun Jeruk," Jl. Salman no.187 , Kebon jeruk, Kebun Jeruk","Jl. Salman No.187, RW.3, Kb. Jeruk, Kec. Kb. Jeruk, Kota Jakarta Barat, Daerah Khusus Ibukota Jakarta 11530, Indonesia","(-6.1956926, 106.7771118, 0.0)",-6.1956926,106.7771118,0
"Joglo Raya Rt 03/06, Gg. H. Bihar",Joglo,Kembangan,"Joglo Raya Rt 03/06, Gg. H. Bihar, Joglo, Kembangan","7, Jl. Joglo Raya No.8, RT.7/RW.8, Joglo, Kec. Kembangan, Kota Jakarta Barat, Daerah Khusus Ibukota Jakarta 11640, Indonesia","(-6.220678, 106.7405932, 0.0)",-6.220678,106.7405932,0
"Pasar Mitra, Jl. KH . Muh Mansyur",Jembatan Lima,Tambora,"Pasar Mitra, Jl. KH . Muh Mansyur, Jembatan Lima, Tambora","Jl. KH.Moh.Mansyur, RT.1/RW.11, Tanah Sereal, Kec. Tambora, Kota Jakarta Barat, Daerah Khusus Ibukota Jakarta 11250, Indonesia","(-6.1452597, 106.806666, 0.0)",-6.1452597,106.806666,0
Jl. Bambu Kuning 4 no 20,Cengkareng Barat,Cengkareng,"Jl. Bambu Kuning 4 no 20, Cengkareng Barat, Cengkareng","11, Jl. Bambu Kuning IX No.7, RT.11/RW.3, Cengkareng Bar., Kecamatan Cengkareng, Kota Jakarta Barat, Daerah Khusus Ibukota Jakarta 11730, Indonesia","(-6.1473565, 106.7258148, 0.0)",-6.1473565,106.7258148,0
"Jl. Kemanggisan Utama,No 07",Kemanggisan,Palmerah,"Jl. Kemanggisan Utama,No 07, Kemanggisan, Palmerah","Jl. Kemanggisan Utama No.7, RT.11/RW.6, Kemanggisan, Kec. Palmerah, Kota Jakarta Barat, Daerah Khusus Ibukota Jakarta 11480, Indonesia","(-6.1899258, 106.7924862, 0.0)",-6.1899258,106.7924862,0
Jl. Raya Prepedan,Kamal,Kalideres,"Jl. Raya Prepedan, Kamal, Kalideres","Jl. Raya Prepedan, Kec. Kalideres, Kota Jakarta Barat, Daerah Khusus Ibukota Jakarta 11820, Indonesia","(-6.1127537, 106.7063263, 0.0)",-6.1127537,106.7063263,0
"Jl.Anggrek Neli Murni 2 Blok C.No.28,29,34 &35( Belakang Mall Selipi )",Kemanggisan,Palmerah,"Jl.Anggrek Neli Murni 2 Blok C.No.28,29,34 &35( Belakang Mall Selipi ), Kemanggisan, Palmerah","No.28,29,34, Jl. Anggrek Neli Murni II Blok C No.11, RT.10/RW.1, Kemanggisan, Kec. Palmerah, Kota Jakarta Barat, Daerah Khusus Ibukota Jakarta 11480, Indonesia","(-6.188044000000001, 106.795227, 0.0)",-6.188044,106.795227,0
Kampung Bulak Teko,KAlideres,Kalideres,"Kampung Bulak Teko, KAlideres, Kalideres","7 Jalan Bulak Teko 35 7 11, RT.6/RW.3, Kalideres, Kec. Kalideres, Kota Jakarta Barat, Daerah Khusus Ibukota Jakarta 11840, Indonesia","(-6.149944899999999, 106.7021058, 0.0)",-6.1499449,106.7021058,0
"Jl.Anggrek Neli Murni 2 Blok C.No.28,29,34 &35( Belakang Mall Selipi )",Kemanggisan,Palmerah,"Jl.Anggrek Neli Murni 2 Blok C.No.28,29,34 &35( Belakang Mall Selipi ), Kemanggisan, Palmerah","No.28,29,34, Jl. Anggrek Neli Murni II Blok C No.11, RT.10/RW.1, Kemanggisan, Kec. Palmerah, Kota Jakarta Barat, Daerah Khusus Ibukota Jakarta 11480, Indonesia","(-6.188044000000001, 106.795227, 0.0)",-6.188044,106.795227,0
"Jl. Komp. Green Ville Blok BG, No. 14-15",Duri Kepa,Kebun Jeruk,"Jl. Komp. Green Ville Blok BG, No. 14-15, Duri Kepa, Kebun Jeruk","Jl. Komp. Green Ville, Duri Kepa, Kec. Kb. Jeruk, Kota Jakarta Barat, Daerah Khusus Ibukota Jakarta 11510, Indonesia","(-6.167909499999999, 106.7712942, 0.0)",-6.1679095,106.7712942,0
Jl. kemanggisan Pulo No. 8,Palmerah,Palmerah,"Jl. kemanggisan Pulo No. 8, Palmerah, Palmerah","Jl. Kemanggisan Pulo No.8, RT.3/RW.17, Palmerah, Kec. Palmerah, Kota Jakarta Barat, Daerah Khusus Ibukota Jakarta 11480, Indonesia","(-6.2015724, 106.7913602, 0.0)",-6.2015724,106.7913602,0
Jl.Peta Barat,Tegal Alur,Kalideres,"Jl.Peta Barat, Tegal Alur, Kalideres","Jl. Peta Barat, Kec. Kalideres, Kota Jakarta Barat, Daerah Khusus Ibukota Jakarta, Indonesia","(-6.136492, 106.6917514, 0.0)",-6.136492,106.6917514,0
Jl. Keutamaan dalam,Krukut,Tamansari,"Jl. Keutamaan dalam, Krukut, Tamansari","Jl. Keutamaan Dalam, Krukut, Kec. Taman Sari, Kota Jakarta Barat, Daerah Khusus Ibukota Jakarta, Indonesia","(-6.155770899999999, 106.8127446, 0.0)",-6.1557709,106.8127446,0
Komplek Intercon,Srengseng,Kembangan,"Komplek Intercon, Srengseng, Kembangan","12, Jl. Perumahan Corn Kebun Jeruk No.4, RT.2/RW.11, Srengseng, Kec. Kembangan, Kota Jakarta Barat, Daerah Khusus Ibukota Jakarta 11630, Indonesia","(-6.1992867, 106.7475906, 0.0)",-6.1992867,106.7475906,0
"Jl. Kampung Krendang, Gg. Pasti, No. 16",Duri Utara,Tambora,"Jl. Kampung Krendang, Gg. Pasti, No. 16, Duri Utara, Tambora","Gg. Pasti No.16, RW.7, Duri Utara, Kec. Tambora, Kota Jakarta Barat, Daerah Khusus Ibukota Jakarta 11270, Indonesia","(-6.154419, 106.8027898, 0.0)",-6.154419,106.8027898,0
"Jl. Kapuk Kamal, Rawa Melati, No. 76",Tegal Alur,Kalideres,"Jl. Kapuk Kamal, Rawa Melati, No. 76, Tegal Alur, Kalideres","Jl. Kapuk Kamal Rw. Melati No.76, RT.2/RW.1, Tegal Alur, Kec. Kalideres, Kota Jakarta Barat, Daerah Khusus Ibukota Jakarta 11820, Indonesia","(-6.100774899999999, 106.7149293, 0.0)",-6.1007749,106.7149293,0
Gg. Sawo,Joglo,Kembangan,"Gg. Sawo, Joglo, Kembangan","Jl. Raya Joglo Gg. Sawo, RW.3, Joglo, Kec. Kembangan, Kota Jakarta Barat, Daerah Khusus Ibukota Jakarta 11640, Indonesia","(-6.2158414, 106.7500003, 0.0)",-6.2158414,106.7500003,0
"Rusun Angke Lt.4, No. 5 Block. C",Angke,Tambora,"Rusun Angke Lt.4, No. 5 Block. C, Angke, Tambora","Rusun Tambora blok B.bunga RT 009/011 RW.11 Angke, RW.11, Tambora, Kec. Tambora, Kota Jakarta Barat, Daerah Khusus Ibukota Jakarta 11330, Indonesia","(-6.147143, 106.7983524, 0.0)",-6.147143,106.7983524,0
Jl. Raya Kebon Jeruk No.20,Kebon jeruk,Kebun Jeruk,"Jl. Raya Kebon Jeruk No.20, Kebon jeruk, Kebun Jeruk","Jl. Raya Kb. Jeruk No.20, RT.1/RW.11, Kb. Jeruk, Kec. Kb. Jeruk, Kota Jakarta Barat, Daerah Khusus Ibukota Jakarta 11530, Indonesia","(-6.197884999999999, 106.769304, 0.0)",-6.197885,106.769304,0
" Jl. Jembatan Besi 2 ( tiitk kenal Masjid Nurul Bayan ),",Jembatan Besi,Tambora," Jl. Jembatan Besi 2 ( tiitk kenal Masjid Nurul Bayan ),, Jembatan Besi, Tambora","Masjid Nurul Bayan, Jl. Jemb. Besi II No.Depan, RT.8/RW.1, Jemb. Besi, Kec. Tambora, Kota Jakarta Barat, Daerah Khusus Ibukota Jakarta 11320, Indonesia","(-6.1509233, 106.7957545, 0.0)",-6.1509233,106.7957545,0
Jl. Kp. Jawa Malang RT.15 RT.07 No. 9b,Keagungan,Tamansari,"Jl. Kp. Jawa Malang RT.15 RT.07 No. 9b, Keagungan, Tamansari","9b, Jl. Kp. Jawa Malang No.15, RW.7, Keagungan, Kec. Taman Sari, Kota Jakarta Barat, Daerah Khusus Ibukota Jakarta 11130, Indonesia","(-6.1521, 106.8139431, 0.0)",-6.1521,106.8139431,0
Jl. H. Kelik,Srengseng,Kembangan,"Jl. H. Kelik, Srengseng, Kembangan","Jl. H. Kelik, Srengseng, Kec. Kembangan, Kota Jakarta Barat, Daerah Khusus Ibukota Jakarta, Indonesia","(-6.208821599999999, 106.7629549, 0.0)",-6.2088216,106.7629549,0
Komplek Intercor,Srengseng,Kembangan,"Komplek Intercor, Srengseng, Kembangan","12, Jl. Perumahan Corn Kebun Jeruk No.4, RT.2/RW.11, Srengseng, Kec. Kembangan, Kota Jakarta Barat, Daerah Khusus Ibukota Jakarta 11630, Indonesia","(-6.1992867, 106.7475906, 0.0)",-6.1992867,106.7475906,0
Jl. Kunir ,Pinangsia,Tamansari,"Jl. Kunir , Pinangsia, Tamansari","Jl. Kunir, Pinangsia, Kec. Taman Sari, Kota Jakarta Barat, Daerah Khusus Ibukota Jakarta, Indonesia","(-6.133513499999999, 106.8135831, 0.0)",-6.1335135,106.8135831,0
Jl. Assirot III Gg. O No.32,Sukabumi Selatan,Kebun Jeruk,"Jl. Assirot III Gg. O No.32, Sukabumi Selatan, Kebun Jeruk","Jl. Assirot 3, RW.1, Grogol Sel., Kec. Kby. Lama, Kota Jakarta Selatan, Daerah Khusus Ibukota Jakarta 12220, Indonesia","(-6.2263794, 106.7758857, 0.0)",-6.2263794,106.7758857,0
Jl. Penyelesaian tomang III Blok 125 No.7 Kav. DKI,Meruya Utara,Kembangan,"Jl. Penyelesaian tomang III Blok 125 No.7 Kav. DKI, Meruya Utara, Kembangan","Blok 125, Jl. Kav. DKI Blok 96 No.7, RT.2/RW.4, Meruya Utara, Kec. Kembangan, Kota Jakarta Barat, Daerah Khusus Ibukota Jakarta 11620, Indonesia","(-6.2030039, 106.731907, 0.0)",-6.2030039,106.731907,0
Gg. Sawo,Joglo,Kembangan,"Gg. Sawo, Joglo, Kembangan","Jl. Raya Joglo Gg. Sawo, RW.3, Joglo, Kec. Kembangan, Kota Jakarta Barat, Daerah Khusus Ibukota Jakarta 11640, Indonesia","(-6.2158414, 106.7500003, 0.0)",-6.2158414,106.7500003,0
Jl. PenyelesaianTomang III Blok 125 No.7,Meruya Utara,Kembangan,"Jl. PenyelesaianTomang III Blok 125 No.7, Meruya Utara, Kembangan","Jl. Penyelesaian Tomang III No.125, RT.3/RW.10, Meruya Utara, Kec. Kembangan, Kota Jakarta Barat, Daerah Khusus Ibukota Jakarta 11620, Indonesia","(-6.201913100000001, 106.7315949, 0.0)",-6.2019131,106.7315949,0
Jl. Podengkelan Baru,Cengkareng Timur,Cengkareng,"Jl. Podengkelan Baru, Cengkareng Timur, Cengkareng","Jembatan Baru, RT.2/RW.1, Cengkareng Tim., Kecamatan Cengkareng, Kota Jakarta Barat, Daerah Khusus Ibukota Jakarta 11730, Indonesia","(-6.1551671, 106.7312621, 0.0)",-6.1551671,106.7312621,0
Jl. Cendrawasih 10,Cengkareng Barat,Cengkareng,"Jl. Cendrawasih 10, Cengkareng Barat, Cengkareng","Jl. Cendrawasih X, Cengkareng Bar., Kecamatan Cengkareng, Kota Jakarta Barat, Daerah Khusus Ibukota Jakarta 11730, Indonesia","(-6.1438352, 106.7206669, 0.0)",-6.1438352,106.7206669,0
Jl. Raya Joglo ( titik kenal perempatan joglo ),Joglo,Kembangan,"Jl. Raya Joglo ( titik kenal perempatan joglo ), Joglo, Kembangan","7, Jl. Joglo Raya No.21, RT.7/RW.1, Joglo, Kec. Kembangan, Kota Jakarta Barat, Daerah Khusus Ibukota Jakarta 11640, Indonesia","(-6.220060999999999, 106.7398176, 0.0)",-6.220061,106.7398176,0
 Jl.Taman kebun Jeruk 2 Block U No.20 ,Joglo,Kembangan," Jl.Taman kebun Jeruk 2 Block U No.20 , Joglo, Kembangan","Jl. Taman Kb. Jeruk Jl. Jeruk Kuning No.2, RT.7/RW.4, Srengseng, Kec. Kembangan, Kota Jakarta Barat, Daerah Khusus Ibukota Jakarta 11630, Indonesia","(-6.206414, 106.750302, 0.0)",-6.206414,106.750302,0
"Jl. Madrasah 1, Gg. Burung",Rawa Buaya,Cengkareng,"Jl. Madrasah 1, Gg. Burung, Rawa Buaya, Cengkareng","Gg. Burung No.1, RT.4/RW.9, Cengkareng Tim., Kecamatan Cengkareng, Kota Jakarta Barat, Daerah Khusus Ibukota Jakarta 11730, Indonesia","(-6.1458306, 106.7349643, 0.0)",-6.1458306,106.7349643,0
Jl. Mangga Besar VII No.6,Tangki,Tamansari,"Jl. Mangga Besar VII No.6, Tangki, Tamansari","Jl. Mangga Besar VII No.6, RT.1/RW.2, Tangki, Kec. Taman Sari, Kota Jakarta Barat, Daerah Khusus Ibukota Jakarta 11170, Indonesia","(-6.145736899999999, 106.823487, 0.0)",-6.1457369,106.823487,0
Jl. Semanan Raya,Semanan,Kalideres,"Jl. Semanan Raya, Semanan, Kalideres","Jl. Semanan Raya, Semanan, Kec. Kalideres, Kota Jakarta Barat, Daerah Khusus Ibukota Jakarta 11850, Indonesia","(-6.1647069, 106.7052397, 0.0)",-6.1647069,106.7052397,0
Jl. Taman Palem lestari Blok C 8 No. 10 dan Blok C 18,Cengkareng barat,Cengkareng,"Jl. Taman Palem lestari Blok C 8 No. 10 dan Blok C 18, Cengkareng barat, Cengkareng","Blok C, Jl. Taman Palem Lestari Blok C No.37, RT.7/RW.8, Cengkareng Bar., Kecamatan Cengkareng, Kota Jakarta Barat, Daerah Khusus Ibukota Jakarta 11730, Indonesia","(-6.138260799999999, 106.7293217, 0.0)",-6.1382608,106.7293217,0
Jl. H. Juhri ( titik kenal lapangan bola Mercubuana ),Meruya Selatan,Kembangan,"Jl. H. Juhri ( titik kenal lapangan bola Mercubuana ), Meruya Selatan, Kembangan","Jl. Raya, RT.4/RW.1, Meruya Sel., Kec. Kembangan, Jakarta, Daerah Khusus Ibukota Jakarta 11650, Indonesia","(-6.209296, 106.7386044, 0.0)",-6.209296,106.7386044,0
Jl. Arjuna Selatan,Kemanggisan,Palmerah,"Jl. Arjuna Selatan, Kemanggisan, Palmerah","Jl. Arjuna Sel., Kemanggisan, Kec. Palmerah, Kota Jakarta Barat, Daerah Khusus Ibukota Jakarta, Indonesia","(-6.1852265, 106.7870297, 0.0)",-6.1852265,106.7870297,0
Jl. Krendang Timur No.7,Krendang,Tambora,"Jl. Krendang Timur No.7, Krendang, Tambora","Jl. Krendang Timur No.7, RT.9/RW.2, Krendang, Kec. Tambora, Kota Jakarta Barat, Daerah Khusus Ibukota Jakarta 11260, Indonesia","(-6.150478, 106.80649, 0.0)",-6.150478,106.80649,0
Jl. Daan Mogot Raya,Kalideres,Kalideres,"Jl. Daan Mogot Raya, Kalideres, Kalideres","Jl. Daan Mogot, Kalideres, Kec. Kalideres, Kota Jakarta Barat, Daerah Khusus Ibukota Jakarta, Indonesia","(-6.1572765, 106.7027301, 0.0)",-6.1572765,106.7027301,0
"Jl. F, Kp. Perjuangan",Kebon Jeruk,Kebun Jeruk,"Jl. F, Kp. Perjuangan, Kebon Jeruk, Kebun Jeruk","Jl. Perjuangan No.7, RT.3/RW.7, Kb. Jeruk, Kec. Kb. Jeruk, Kota Jakarta Barat, Daerah Khusus Ibukota Jakarta 11530, Indonesia","(-6.1916402, 106.7620953, 0.0)",-6.1916402,106.7620953,0
"Jl. Peta Barat, Gondang IV",Kalideres,Kalideres,"Jl. Peta Barat, Gondang IV, Kalideres, Kalideres","Gondang 4, Kec. Kalideres, Kota Jakarta Barat, Daerah Khusus Ibukota Jakarta, Indonesia","(-6.1325541, 106.6891462, 0.0)",-6.1325541,106.6891462,0
"Kebon Raya IV, No 86B,",Duri kepa,Kebun Jeruk,"Kebon Raya IV, No 86B,, Duri kepa, Kebun Jeruk","Jl. Kebon Raya IV No.86, RT.1/RW.1, Duri Kepa, Kec. Kb. Jeruk, Kota Jakarta Barat, Daerah Khusus Ibukota Jakarta 11510, Indonesia","(-6.1869489, 106.7746779, 0.0)",-6.1869489,106.7746779,0
Jl. Kamal Raya No.8,Tegal Alur,Kalideres,"Jl. Kamal Raya No.8, Tegal Alur, Kalideres","Jl. Kamal Raya Blok L No.8, RT.12/RW.7, Tegal Alur, Kec. Kalideres, Kota Jakarta Barat, Daerah Khusus Ibukota Jakarta 11820, Indonesia","(-6.1192055, 106.719052, 0.0)",-6.1192055,106.719052,0
Jl. Kamal Raya No..8,Tegal Alur,Kalideres,"Jl. Kamal Raya No..8, Tegal Alur, Kalideres","Jl. Kamal Raya Blok L No.8, RT.12/RW.7, Tegal Alur, Kec. Kalideres, Kota Jakarta Barat, Daerah Khusus Ibukota Jakarta 11820, Indonesia","(-6.1192055, 106.719052, 0.0)",-6.1192055,106.719052,0
Jl. Masjid Al Anwar,Sukabumi Utara,Kebun Jeruk,"Jl. Masjid Al Anwar, Sukabumi Utara, Kebun Jeruk","Jl. Masjid Al Anwar, Sukabumi Utara, Kec. Kb. Jeruk, Kota Jakarta Barat, Daerah Khusus Ibukota Jakarta, Indonesia","(-6.2110897, 106.7778592, 0.0)",-6.2110897,106.7778592,0
Jl. Tanjung Duren Raya No. 82,Tanjung Duren Utara,Grogol Petamburan,"Jl. Tanjung Duren Raya No. 82, Tanjung Duren Utara, Grogol Petamburan","Jl. Tanjung Duren Raya No.82, RT.7/RW.5, Tj. Duren Utara, Kec. Grogol petamburan, Kota Jakarta Barat, Daerah Khusus Ibukota Jakarta 11470, Indonesia","(-6.1759945, 106.7833405, 0.0)",-6.1759945,106.7833405,0
Jl.Tanjung Duren Raya No..82',Tanjung Duren Utara,Grogol Petamburan,"Jl.Tanjung Duren Raya No..82', Tanjung Duren Utara, Grogol Petamburan","Jl. Tanjung Duren Raya No.82, RT.7/RW.5, Tj. Duren Utara, Kec. Grogol petamburan, Kota Jakarta Barat, Daerah Khusus Ibukota Jakarta 11470, Indonesia","(-6.1759945, 106.7833405, 0.0)",-6.1759945,106.7833405,0
Jl.Tanjung Duren Raya No..82,Tanjung Duren Utara,Grogol Petamburan,"Jl.Tanjung Duren Raya No..82, Tanjung Duren Utara, Grogol Petamburan","Jl. Tanjung Duren Raya No.82, RT.7/RW.5, Tj. Duren Utara, Kec. Grogol petamburan, Kota Jakarta Barat, Daerah Khusus Ibukota Jakarta 11470, Indonesia","(-6.1759945, 106.7833405, 0.0)",-6.1759945,106.7833405,0
Jl.Banjir Kanal Barat,Jelambar Baru,Grogol Petamburan,"Jl.Banjir Kanal Barat, Jelambar Baru, Grogol Petamburan","Jl. Banjir Kanal, Kota Bambu Utara, Kec. Palmerah, Kota Jakarta Barat, Daerah Khusus Ibukota Jakarta 11420, Indonesia","(-6.1829845, 106.809882, 0.0)",-6.1829845,106.809882,0
Jl.Madrasah 2 Gg.Swadaya,Sukabumi Utara,Kebun Jeruk,"Jl.Madrasah 2 Gg.Swadaya, Sukabumi Utara, Kebun Jeruk","Jl. Madrasah II, Sukabumi Utara, Kec. Kb. Jeruk, Kota Jakarta Barat, Daerah Khusus Ibukota Jakarta 11540, Indonesia","(-6.2101326, 106.7802113, 0.0)",-6.2101326,106.7802113,0
"GOR Cendrawasih, Jl. Cendrawasih Raya X No.10",Cengkareng barat,Cengkareng,"GOR Cendrawasih, Jl. Cendrawasih Raya X No.10, Cengkareng barat, Cengkareng","Jl. Cendrawasih Raya X No. 10, RT.06/RW. 07 RT.7/RW.6 Cengkareng Barat Cengkareng 7 6, RT.7/RW.6, Cengkareng Bar., Kecamatan Cengkareng, Kota Jakarta Barat, Daerah Khusus Ibukota Jakarta 11730, Indonesia","(-6.1417185, 106.7202996, 0.0)",-6.1417185,106.7202996,0
Jl. Kamal Raya No..8,Tegal Alur,Kalideres,"Jl. Kamal Raya No..8, Tegal Alur, Kalideres","Jl. Kamal Raya Blok L No.8, RT.12/RW.7, Tegal Alur, Kec. Kalideres, Kota Jakarta Barat, Daerah Khusus Ibukota Jakarta 11820, Indonesia","(-6.1192055, 106.719052, 0.0)",-6.1192055,106.719052,0
"Komplek Taman Palem Lestari, Blok A21, No. 25",Cengkareng Barat,Cengkareng,"Komplek Taman Palem Lestari, Blok A21, No. 25, Cengkareng Barat, Cengkareng","25, Jl. Taman Palem Lestari No.A21, RT.3/RW.13, West Cengkareng, Cengkareng, West Jakarta City, Jakarta 11730, Indonesia","(-6.13312, 106.7205114, 0.0)",-6.13312,106.7205114,0
Jl. Gelong Baru Selatan V,Tomang,Grogol Petamburan,"Jl. Gelong Baru Selatan V, Tomang, Grogol Petamburan","Jl. Gelong Baru Selatan V, Tomang, Kec. Grogol petamburan, Kota Jakarta Barat, Daerah Khusus Ibukota Jakarta 11440, Indonesia","(-6.1769728, 106.7974276, 0.0)",-6.1769728,106.7974276,0
"Jl. H. Domang, No. 26",Kelapa Dua,Kebun Jeruk,"Jl. H. Domang, No. 26, Kelapa Dua, Kebun Jeruk","Jl. H. Domang No.26, RT.8/RW.2, Kb. Jeruk, Kec. Kb. Jeruk, Kota Jakarta Barat, Daerah Khusus Ibukota Jakarta 11530, Indonesia","(-6.2024015, 106.7701723, 0.0)",-6.2024015,106.7701723,0
Jl.A,Kebon Jeruk,Kebun Jeruk,"Jl.A, Kebon Jeruk, Kebun Jeruk","Jl. A, RT.11/RW.1, Kb. Jeruk, Kec. Kb. Jeruk, Kota Jakarta Barat, Daerah Khusus Ibukota Jakarta 11530, Indonesia","(-6.1990557, 106.7674772, 0.0)",-6.1990557,106.7674772,0
Jl.Keadilan 5,Keagungan,Tamansari,"Jl.Keadilan 5, Keagungan, Tamansari","Jl. Keadilan No.5, RT.3/RW.8, Keagungan, Kec. Taman Sari, Kota Jakarta Barat, Daerah Khusus Ibukota Jakarta 11130, Indonesia","(-6.148383, 106.815045, 0.0)",-6.148383,106.815045,0
Jl.H Domang No..26,Kelapa Dua,Kebun Jeruk,"Jl.H Domang No..26, Kelapa Dua, Kebun Jeruk","Jl. H. Domang No.26, RT.8/RW.2, Kb. Jeruk, Kec. Kb. Jeruk, Kota Jakarta Barat, Daerah Khusus Ibukota Jakarta 11530, Indonesia","(-6.2024015, 106.7701723, 0.0)",-6.2024015,106.7701723,0
Jl.Marga Jaya 1,Rawa Buaya,Cengkareng,"Jl.Marga Jaya 1, Rawa Buaya, Cengkareng","Jl. Marga Jaya No.1, RT.7/RW.3, Rw. Buaya, Kecamatan Cengkareng, Kota Jakarta Barat, Daerah Khusus Ibukota Jakarta 11740, Indonesia","(-6.162046, 106.730076, 0.0)",-6.162046,106.730076,0
Jl. Daan Mogot KM.12 No.9,Cengkareng Timur,Cengkareng,"Jl. Daan Mogot KM.12 No.9, Cengkareng Timur, Cengkareng","Jl. Daan Mogot KM. 11 No.9, RT.12/RW.3, Cengkareng Tim., Kecamatan Cengkareng, Kota Jakarta Barat, Daerah Khusus Ibukota Jakarta 11730, Indonesia","(-6.152285699999999, 106.7381983, 0.0)",-6.1522857,106.7381983,0
Jl. Al Mubarok II,Joglo,Kembangan,"Jl. Al Mubarok II, Joglo, Kembangan","Jl. Al-Mubarok II, Joglo, Kec. Kembangan, Kota Jakarta Barat, Daerah Khusus Ibukota Jakarta 11640, Indonesia","(-6.221240799999999, 106.7311042, 0.0)",-6.2212408,106.7311042,0
"Jl. Puri Kembangan, No. 9E",Kembangan Selatan,Kembangan,"Jl. Puri Kembangan, No. 9E, Kembangan Selatan, Kembangan","Jl. Puri Kembangan Blok J No.9, RT.9/RW.5, Kedoya Sel., Kec. Kb. Jeruk, Kota Jakarta Barat, Daerah Khusus Ibukota Jakarta 11520, Indonesia","(-6.179652, 106.756502, 0.0)",-6.179652,106.756502,0
Jl.Toram Dalam / Ujung Blok T No..14A,Tegal Alur,Kalideres,"Jl.Toram Dalam / Ujung Blok T No..14A, Tegal Alur, Kalideres","Jl. Toram, Tegal Alur, Kec. Kalideres, Kota Jakarta Barat, Daerah Khusus Ibukota Jakarta 11820, Indonesia","(-6.1253619, 106.7188697, 0.0)",-6.1253619,106.7188697,0
Tanah sereal,Tanah Sereal,Tambora,"Tanah sereal, Tanah Sereal, Tambora","Tanah Sereal, Tambora, West Jakarta City, Jakarta, Indonesia","(-6.1532923, 106.8097259, 0.0)",-6.1532923,106.8097259,0
Jl.Raya Palapa,Rawa Buaya,Cengkareng,"Jl.Raya Palapa, Rawa Buaya, Cengkareng","Jl. Rama Raya No.RT.5, RT.5, Rw. Buaya, Kecamatan Cengkareng, Kota Jakarta Barat, Daerah Khusus Ibukota Jakarta 11740, Indonesia","(-6.168416, 106.7376142, 0.0)",-6.168416,106.7376142,0
Jl.Semanan Raya,Semanan,Kalideres,"Jl.Semanan Raya, Semanan, Kalideres","Jl. Semanan Raya, Semanan, Kec. Kalideres, Kota Jakarta Barat, Daerah Khusus Ibukota Jakarta 11850, Indonesia","(-6.1647069, 106.7052397, 0.0)",-6.1647069,106.7052397,0
Jl. K.S Tubun III Dalam No. 25A,Slipi,Palmerah,"Jl. K.S Tubun III Dalam No. 25A, Slipi, Palmerah","Jl. L Jl. Ks. Tubun 3 Dalam No.25, RT.3/RW.4, Slipi, Kec. Palmerah, Kota Jakarta Barat, Daerah Khusus Ibukota Jakarta 11410, Indonesia","(-6.194835, 106.7999975, 0.0)",-6.194835,106.7999975,0
Jl. Pergudangan Miami,Tegal Alur,Kalideres,"Jl. Pergudangan Miami, Tegal Alur, Kalideres","Blok D1, Jl. Kayu Besar 10 No.8, RT.3/RW.2, Tegal Alur, Kec. Kalideres, Kota Jakarta Barat, Daerah Khusus Ibukota Jakarta 11820, Indonesia","(-6.1104015, 106.7141623, 0.0)",-6.1104015,106.7141623,0
Jl. Prof. Dr. Latumenten,Jelambar Baru,Grogol Petamburan,"Jl. Prof. Dr. Latumenten, Jelambar Baru, Grogol Petamburan","Jl. Prof. Dr. Latumeten, Jelambar Baru, Kec. Grogol petamburan, Kota Jakarta Barat, Daerah Khusus Ibukota Jakarta, Indonesia","(-6.1493474, 106.7941547, 0.0)",-6.1493474,106.7941547,0
Jl.Jembatan 2 Raya,Angke,Tambora,"Jl.Jembatan 2 Raya, Angke, Tambora","Jl. Jemb. Dua Raya, Angke, Kec. Tambora, Kota Jakarta Barat, Daerah Khusus Ibukota Jakarta, Indonesia","(-6.142969, 106.7933327, 0.0)",-6.142969,106.7933327,0
"Jl. Swadaya, No. 24",Kedaung Kali Angke,Cengkareng,"Jl. Swadaya, No. 24, Kedaung Kali Angke, Cengkareng","Jl. Swadaya No.24, RT.4/RW.5, Kedaung Kali Angke, Kecamatan Cengkareng, Kota Jakarta Barat, Daerah Khusus Ibukota Jakarta 11710, Indonesia","(-6.15518, 106.766461, 0.0)",-6.15518,106.766461,0
Jl.Puri Kencana ( Kawan Lama ),Meruya Utara,Kembangan,"Jl.Puri Kencana ( Kawan Lama ), Meruya Utara, Kembangan","Gedung, Kawan Lama, Jl. Puri Kencana No.1, RT.5/RW.2, Meruya Utara, Kec. Kembangan, Kota Jakarta Barat, Daerah Khusus Ibukota Jakarta 11610, Indonesia","(-6.190507300000001, 106.743561, 0.0)",-6.1905073,106.743561,0
Jl.Tanjung Duren Timur,Tanjung Duren Selatan,Grogol Petamburan,"Jl.Tanjung Duren Timur, Tanjung Duren Selatan, Grogol Petamburan","Jl. Tanjung Duren Timur, Tj. Duren Sel., Kec. Grogol petamburan, Kota Jakarta Barat, Daerah Khusus Ibukota Jakarta 11470, Indonesia","(-6.1774472, 106.7869456, 0.0)",-6.1774472,106.7869456,0
Jl. Kp. Salo,Kembangan Utara,Kembangan,"Jl. Kp. Salo, Kembangan Utara, Kembangan","Jl. Kp. Salo, Kembangan Utara, Kec. Kembangan, Kota Jakarta Barat, Daerah Khusus Ibukota Jakarta 11610, Indonesia","(-6.1629376, 106.7533256, 0.0)",-6.1629376,106.7533256,0
Jl.Kamal Raya,Kamal,Kalideres,"Jl.Kamal Raya, Kamal, Kalideres","Jl. Kamal Raya, Kec. Kalideres, Kota Jakarta Barat, Daerah Khusus Ibukota Jakarta, Indonesia","(-6.1191721, 106.71942, 0.0)",-6.1191721,106.71942,0
Jl.Pekojan 1,Pekojan,Tambora,"Jl.Pekojan 1, Pekojan, Tambora","Jl. Pekojan 1, Pekojan, Kec. Tambora, Kota Jakarta Barat, Daerah Khusus Ibukota Jakarta 11240, Indonesia","(-6.1372598, 106.8026991, 0.0)",-6.1372598,106.8026991,0
Jl. Jelambar Barat II No.2,Jelambar,Grogol Petamburan,"Jl. Jelambar Barat II No.2, Jelambar, Grogol Petamburan","Jl. Jelambar Barat II No.2, RT.9/RW.11, Jelambar Baru, Kec. Grogol petamburan, Kota Jakarta Barat, Daerah Khusus Ibukota Jakarta 11460, Indonesia","(-6.1492641, 106.7817064, 0.0)",-6.1492641,106.7817064,0
Jl. Tomang Tinggi No.22,Tomang,Grogol Petamburan,"Jl. Tomang Tinggi No.22, Tomang, Grogol Petamburan","Jl. Tomang Tinggi No.22, RT.10/RW.7, Tomang, Kec. Grogol petamburan, Kota Jakarta Barat, Daerah Khusus Ibukota Jakarta 11440, Indonesia","(-6.172445499999999, 106.7955765, 0.0)",-6.1724455,106.7955765,0
Jl. Taman Palem Lestari Blok. C21 No. 19,Cengkareng Barat,Cengkareng,"Jl. Taman Palem Lestari Blok. C21 No. 19, Cengkareng Barat, Cengkareng","Jl. Taman Palem Lestari, Cengkareng Bar., Kecamatan Cengkareng, Kota Jakarta Barat, Daerah Khusus Ibukota Jakarta, Indonesia","(-6.1350422, 106.7237102, 0.0)",-6.1350422,106.7237102,0
Jl. Kumbang Raya,Pegadungan,Kalideres,"Jl. Kumbang Raya, Pegadungan, Kalideres","Jl. Kumbang Raya, Pegadungan, Kec. Kalideres, Kota Jakarta Barat, Daerah Khusus Ibukota Jakarta, Indonesia","(-6.1392829, 106.6956965, 0.0)",-6.1392829,106.6956965,0
Jl. Moh. Mansyur,Duri Utara,Tambora,"Jl. Moh. Mansyur, Duri Utara, Tambora","Jl. KH.Moh.Mansyur, Duri Utara, Kec. Tambora, Kota Jakarta Barat, Daerah Khusus Ibukota Jakarta, Indonesia","(-6.1539718, 106.8079279, 0.0)",-6.1539718,106.8079279,0
Jl. Keamanan Dalam I,Keagungan,Tamansari,"Jl. Keamanan Dalam I, Keagungan, Tamansari","Keagungan, Taman Sari, West Jakarta City, Jakarta, Indonesia","(-6.1505982, 106.8141505, 0.0)",-6.1505982,106.8141505,0
Jl. Kebon Jeruk Raya No. 6,Kebon jeruk,Kebun Jeruk,"Jl. Kebon Jeruk Raya No. 6, Kebon jeruk, Kebun Jeruk","Jl. Raya Kb. Jeruk No.6, RT.1/RW.2, Kb. Jeruk, Kec. Kb. Jeruk, Kota Jakarta Barat, Daerah Khusus Ibukota Jakarta 11530, Indonesia","(-6.1981039, 106.7703002, 0.0)",-6.1981039,106.7703002,0
Jl. Jembatan Besi VIII,Jembatan Besi,Tambora,"Jl. Jembatan Besi VIII, Jembatan Besi, Tambora","Jl. Jembatan Besi VIII, Jemb. Besi, Kec. Tambora, Kota Jakarta Barat, Daerah Khusus Ibukota Jakarta 11320, Indonesia","(-6.1536143, 106.7979696, 0.0)",-6.1536143,106.7979696,0
"Jl. Kapuk Sawah, No. 140",Kapuk,Cengkareng,"Jl. Kapuk Sawah, No. 140, Kapuk, Cengkareng","Jl. Kapuk Sawah No.140, RT.5/RW.10, Kapuk, Kecamatan Cengkareng, Kota Jakarta Barat, Daerah Khusus Ibukota Jakarta 11720, Indonesia","(-6.138624999999999, 106.7537034, 0.0)",-6.138625,106.7537034,0
Jl.KH.Moh Mansyur,Jembatan Lima,Tambora,"Jl.KH.Moh Mansyur, Jembatan Lima, Tambora","Jl. KH.Moh.Mansyur, Jemb. Lima, Kec. Tambora, Kota Jakarta Barat, Daerah Khusus Ibukota Jakarta, Indonesia","(-6.145315699999999, 106.8069854, 0.0)",-6.1453157,106.8069854,0
Jl.Duri Utara ( Stasiun Kereta Duri ),Duri Selatan,Tambora,"Jl.Duri Utara ( Stasiun Kereta Duri ), Duri Selatan, Tambora","Duri, Jl. Duri Utara, Duri Utara, Kec. Tambora, Kota Jakarta Barat, Daerah Khusus Ibukota Jakarta 11270, Indonesia","(-6.155273999999999, 106.8012554, 0.0)",-6.155274,106.8012554,0
Jl. Prepetan Dalam No.72,Kamal,Kalideres,"Jl. Prepetan Dalam No.72, Kamal, Kalideres","Jl. Prepedan Dalam No.72, RT.3/RW.7, Prepedan, Kec. Kalideres, Kota Jakarta Barat, Daerah Khusus Ibukota Jakarta 11820, Indonesia","(-6.108715399999999, 106.7014422, 0.0)",-6.1087154,106.7014422,0
Jl. Srengseng Raya No.12 (Agen Baja Ringan),Srengseng,Kembangan,"Jl. Srengseng Raya No.12 (Agen Baja Ringan), Srengseng, Kembangan","6, Jl. Srengseng Raya No.12, RT.6/RW.5, Srengseng, Kec. Kembangan, Kota Jakarta Barat, Daerah Khusus Ibukota Jakarta 11630, Indonesia","(-6.2059785, 106.7589604, 0.0)",-6.2059785,106.7589604,0
Jl.Pakis No..26,Sukabumi Utara,Kebun Jeruk,"Jl.Pakis No..26, Sukabumi Utara, Kebun Jeruk","Jl. Pakis No.26, RT.9/RW.10, Sukabumi Utara, Kec. Kb. Jeruk, Kota Jakarta Barat, Daerah Khusus Ibukota Jakarta 11540, Indonesia","(-6.2107905, 106.7753232, 0.0)",-6.2107905,106.7753232,0
Jl. Kavling Polri Blok B VII/710 No.39,Jelambar,Grogol Petamburan,"Jl. Kavling Polri Blok B VII/710 No.39, Jelambar, Grogol Petamburan","Blok E6, Kavling Polri, Jl. Hadiah Utama No.1407, RT.8/RW.2, Jelambar, Kec. Grogol petamburan, Kota Jakarta Barat, Daerah Khusus Ibukota Jakarta 11460, Indonesia","(-6.158373699999999, 106.7800995, 0.0)",-6.1583737,106.7800995,0
Jl. Kembangan Selatan,Kembangan Selatan,Kembangan,"Jl. Kembangan Selatan, Kembangan Selatan, Kembangan","Jl. Kembangan Selatan, Kembangan Sel., Kec. Kembangan, Kota Jakarta Barat, Daerah Khusus Ibukota Jakarta, Indonesia","(-6.1863559, 106.7257301, 0.0)",-6.1863559,106.7257301,0
Jl. Kamboja Ujung,Kota Bambu Utara,Palmerah,"Jl. Kamboja Ujung, Kota Bambu Utara, Palmerah","Jl. Kamboja Ujung, Kota Bambu Utara, Kec. Palmerah, Kota Jakarta Barat, Daerah Khusus Ibukota Jakarta 11420, Indonesia","(-6.1834662, 106.8023186, 0.0)",-6.1834662,106.8023186,0
Jl. kayu Besar dalam,Cengkareng Timur,Cengkareng,"Jl. kayu Besar dalam, Cengkareng Timur, Cengkareng","Jl. Kayu Besar Dalam, Cengkareng Tim., Kecamatan Cengkareng, Kota Jakarta Barat, Daerah Khusus Ibukota Jakarta, Indonesia","(-6.125871999999999, 106.7341191, 0.0)",-6.125872,106.7341191,0
Jl.Al - Barkah Ujung,Rawa Buaya,Cengkareng,"Jl.Al - Barkah Ujung, Rawa Buaya, Cengkareng","Jl. Al Barkah Ujung, Rw. Buaya, Kecamatan Cengkareng, Kota Jakarta Barat, Daerah Khusus Ibukota Jakarta 11740, Indonesia","(-6.1652692, 106.7313885, 0.0)",-6.1652692,106.7313885,0
Jl.Taman Sari 9,Pinangsia,Tamansari,"Jl.Taman Sari 9, Pinangsia, Tamansari","Jl. Taman Sari IX, Kec. Taman Sari, Kota Jakarta Barat, Daerah Khusus Ibukota Jakarta, Indonesia","(-6.1559281, 106.8248608, 0.0)",-6.1559281,106.8248608,0
Jl. Jembatan Besi Raya Gg SMP 159,Jembatan Besi,Tambora,"Jl. Jembatan Besi Raya Gg SMP 159, Jembatan Besi, Tambora","5, Jl. Jembatan Besi Raya No.24, RT.1/RW.1, Jemb. Besi, Kec. Tambora, Kota Jakarta Barat, Daerah Khusus Ibukota Jakarta 11320, Indonesia","(-6.152529299999999, 106.7963617, 0.0)",-6.1525293,106.7963617,0
Jl. Kp Pesanggrahan ,Meruya Utara,Kembangan,"Jl. Kp Pesanggrahan , Meruya Utara, Kembangan","North Meruya, Kembangan, West Jakarta City, Jakarta, Indonesia","(-6.1970854, 106.7382072, 0.0)",-6.1970854,106.7382072,0
Jl. Mangga Besar 9,Tangki,Tamansari,"Jl. Mangga Besar 9, Tangki, Tamansari","Jl. Mangga Besar IX, Tangki, Kec. Taman Sari, Kota Jakarta Barat, Daerah Khusus Ibukota Jakarta, Indonesia","(-6.145135799999999, 106.8236946, 0.0)",-6.1451358,106.8236946,0
Jl.Semanan Raya,Semanan,Kalideres,"Jl.Semanan Raya, Semanan, Kalideres","Jl. Semanan Raya, Semanan, Kec. Kalideres, Kota Jakarta Barat, Daerah Khusus Ibukota Jakarta 11850, Indonesia","(-6.1647069, 106.7052397, 0.0)",-6.1647069,106.7052397,0
Jl. Gedong Panjang 1,Pekojan,Tambora,"Jl. Gedong Panjang 1, Pekojan, Tambora","Jl. Gedong Panjang, RT.1/RW.10, Pekojan, Kec. Tambora, Kota Jakarta Barat, Daerah Khusus Ibukota Jakarta, Indonesia","(-6.135532, 106.8066531, 0.0)",-6.135532,106.8066531,0
Jl.Raya Joglo ( Asrama Damkar ),Joglo,Kembangan,"Jl.Raya Joglo ( Asrama Damkar ), Joglo, Kembangan","Jl. POS Pemadam No.37, RT.9/RW.2, Joglo, Kec. Kembangan, Kota Jakarta Barat, Daerah Khusus Ibukota Jakarta 11640, Indonesia","(-6.2185096, 106.7249298, 0.0)",-6.2185096,106.7249298,0
Jl.Jomas ,Meruya Utara,Kembangan,"Jl.Jomas , Meruya Utara, Kembangan","Jl. Jomas, RW.5, Meruya Utara, Kec. Kembangan, Kota Jakarta Barat, Daerah Khusus Ibukota Jakarta, Indonesia","(-6.1954319, 106.7572356, 0.0)",-6.1954319,106.7572356,0
Jl.Komplek Graha Indah Green Ville,Duri Kepa,Kebun Jeruk,"Jl.Komplek Graha Indah Green Ville, Duri Kepa, Kebun Jeruk","Jl. Komp. Graha Indah Green Ville, Duri Kepa, Kec. Kb. Jeruk, Kota Jakarta Barat, Daerah Khusus Ibukota Jakarta 11510, Indonesia","(-6.1691984, 106.7746763, 0.0)",-6.1691984,106.7746763,0
Jl.Klingkit 3 No..5,Rawa Buaya,Cengkareng,"Jl.Klingkit 3 No..5, Rawa Buaya, Cengkareng","Jl. Klingkit III No.5, RT.3/RW.12, Rw. Buaya, Kecamatan Cengkareng, Kota Jakarta Barat, Daerah Khusus Ibukota Jakarta 11740, Indonesia","(-6.162574500000001, 106.7449821, 0.0)",-6.1625745,106.7449821,0
Jl. Kp. Ps. Minggu,Kembangan Selatan,Kembangan,"Jl. Kp. Ps. Minggu, Kembangan Selatan, Kembangan","Kembangan, West Jakarta City, Jakarta, Indonesia","(-6.193037899999999, 106.7425886, 0.0)",-6.1930379,106.7425886,0
Jl. Komp Walikota Blok E1 No. 15A,Joglo,Kembangan,"Jl. Komp Walikota Blok E1 No. 15A, Joglo, Kembangan","Jl. Joglo Raya No.15, RT.2/RW.1, Joglo, Kec. Kembangan, Kota Jakarta Barat, Daerah Khusus Ibukota Jakarta 11460, Indonesia","(-6.2183023, 106.7333003, 0.0)",-6.2183023,106.7333003,0
Jl.Kesayangan No..10,Pegadungan,Kalideres,"Jl.Kesayangan No..10, Pegadungan, Kalideres","Jl. Kesayangan Selatan Blok A. 5 No.10, RT.1/RW.12, Pegadungan, Kec. Kalideres, Kota Jakarta Barat, Daerah Khusus Ibukota Jakarta 11830, Indonesia","(-6.138048, 106.703822, 0.0)",-6.138048,106.703822,0
Jl.Ruko Grencourt Lake Residen No..A25,Cengkareng Timur,Cengkareng,"Jl.Ruko Grencourt Lake Residen No..A25, Cengkareng Timur, Cengkareng","7, Jl. Kamal Raya Outer Ring Road No.11, RT.7/RW.14, Cengkareng Tim., Kecamatan Cengkareng, Kota Jakarta Barat, Daerah Khusus Ibukota Jakarta 11730, Indonesia","(-6.136595, 106.7339, 0.0)",-6.136595,106.7339,0
Jl. Komplek Taman Alfa Indah,Joglo,Kembangan,"Jl. Komplek Taman Alfa Indah, Joglo, Kembangan","Jl. Taman Alfa Indah, Joglo, Kec. Kembangan, Kota Jakarta Barat, Daerah Khusus Ibukota Jakarta, Indonesia","(-6.2215728, 106.7530753, 0.0)",-6.2215728,106.7530753,0
Jl. Ring Road Timur,Cengkareng Timur,Cengkareng,"Jl. Ring Road Timur, Cengkareng Timur, Cengkareng","Jl. Kamal Raya Outer Ring Road, RW.14, Cengkareng Tim., Kecamatan Cengkareng, Kota Jakarta Barat, Daerah Khusus Ibukota Jakarta 11730, Indonesia","(-6.139048799999999, 106.7331559, 0.0)",-6.1390488,106.7331559,0
Jl. Pergudangan Kamal Indah Blok B No.10,Kamal,Kalideres,"Jl. Pergudangan Kamal Indah Blok B No.10, Kamal, Kalideres","Tegal Alur , Kali Deres , Jakarta Barat , DKI Jakarta 1, Jl. Kapuk Kamal Raya, RT.1/RW.1, Kamal, Kalideres, West Jakarta City, Jakarta 11810, Indonesia","(-6.098232700000001, 106.7119609, 0.0)",-6.0982327,106.7119609,0
Jl. Menceng Raya Prima Blok D3 No. 1A  dan 1B,Tegal Alur,Kalideres,"Jl. Menceng Raya Prima Blok D3 No. 1A  dan 1B, Tegal Alur, Kalideres","Jl. Menceng Raya, Kota Jakarta Barat, Daerah Khusus Ibukota Jakarta, Indonesia","(-6.1229388, 106.7175712, 0.0)",-6.1229388,106.7175712,0
Jl. Taman Semanan Raya,Duri Kosambi,Cengkareng,"Jl. Taman Semanan Raya, Duri Kosambi, Cengkareng","Jl. Taman Semanan Raya, Duri Kosambi, Kecamatan Cengkareng, Kota Jakarta Barat, Daerah Khusus Ibukota Jakarta 11750, Indonesia","(-6.163579899999999, 106.7204216, 0.0)",-6.1635799,106.7204216,0
Jl.Kota Bambu Utara Gg.Ricik No..8,Kota Bambu Utara,Palmerah,"Jl.Kota Bambu Utara Gg.Ricik No..8, Kota Bambu Utara, Palmerah","Jl. Kota Bambu Raya No.55, RT.2/RW.5, Kota Bambu Utara, Kec. Palmerah, Kota Jakarta Barat, Daerah Khusus Ibukota Jakarta 11420, Indonesia","(-6.1855178, 106.8038742, 0.0)",-6.1855178,106.8038742,0
Jl. Latumenten Raya,Jelambar,Grogol Petamburan,"Jl. Latumenten Raya, Jelambar, Grogol Petamburan","Jl. Latumenten 3 Barat, Jelambar, Kec. Grogol petamburan, Kota Jakarta Barat, Daerah Khusus Ibukota Jakarta 11460, Indonesia","(-6.1597335, 106.7865842, 0.0)",-6.1597335,106.7865842,0
Jl. Puri Kembangan Raya,Kedoya selatan,Kebun Jeruk,"Jl. Puri Kembangan Raya, Kedoya selatan, Kebun Jeruk","Jl. Kembangan Raya, Kedoya Sel., Kec. Kb. Jeruk, Kota Jakarta Barat, Daerah Khusus Ibukota Jakarta, Indonesia","(-6.182758799999999, 106.7400227, 0.0)",-6.1827588,106.7400227,0
Jl. raya Pondok Randu,Duri Kosambi,Cengkareng,"Jl. raya Pondok Randu, Duri Kosambi, Cengkareng","Jl. Raya Pondok Randu, RW.2, Duri Kosambi, Kecamatan Cengkareng, Kota Jakarta Barat, Daerah Khusus Ibukota Jakarta 11750, Indonesia","(-6.174844999999999, 106.7253266, 0.0)",-6.174845,106.7253266,0
Jl. Mangga Besar 9,Tangki,Tamansari,"Jl. Mangga Besar 9, Tangki, Tamansari","Jl. Mangga Besar IX, Tangki, Kec. Taman Sari, Kota Jakarta Barat, Daerah Khusus Ibukota Jakarta, Indonesia","(-6.145135799999999, 106.8236946, 0.0)",-6.1451358,106.8236946,0
"Jl,. Mangga Besar 9 Gg Losufan",Tangki,Tamansari,"Jl,. Mangga Besar 9 Gg Losufan, Tangki, Tamansari","Gg. Losufan 2, RW.1, Tangki, Kec. Taman Sari, Kota Jakarta Barat, Daerah Khusus Ibukota Jakarta 11170, Indonesia","(-6.1456985, 106.8246079, 0.0)",-6.1456985,106.8246079,0
Jl. Arjuna Utara,Tanjung Duren Selatan,Grogol Petamburan,"Jl. Arjuna Utara, Tanjung Duren Selatan, Grogol Petamburan","Jl. Arjuna Utara, Tj. Duren Sel., Kec. Grogol petamburan, Kota Jakarta Barat, Daerah Khusus Ibukota Jakarta, Indonesia","(-6.1849787, 106.7873953, 0.0)",-6.1849787,106.7873953,0
"Central Park, Jln.Tanjung Duren Selatan",Tanjung Duren Selatan,Grogol Petamburan,"Central Park, Jln.Tanjung Duren Selatan, Tanjung Duren Selatan, Grogol Petamburan","Jl. Letjen S. Parman No.kav.28, RT.12/RW.6, Tj. Duren Sel., Kec. Grogol petamburan, Kota Jakarta Barat, Daerah Khusus Ibukota Jakarta 11470, Indonesia","(-6.177368599999999, 106.7906723, 0.0)",-6.1773686,106.7906723,0
Jln. Pasar Minggu,Kembangan Selatan,Kembangan,"Jln. Pasar Minggu, Kembangan Selatan, Kembangan","Jl. Ps. Minggu, RW.1, Kembangan Sel., Kec. Kembangan, Kota Jakarta Barat, Daerah Khusus Ibukota Jakarta 11610, Indonesia","(-6.1893343, 106.7253994, 0.0)",-6.1893343,106.7253994,0
Jl. Kalideres Permai Blok. G 6 No. 31 ,Kalideres,Kalideres,"Jl. Kalideres Permai Blok. G 6 No. 31 , Kalideres, Kalideres","31, Jl. Kalideres Permai Blok G. 6 No.5, RT.6/RW.14, Kalideres, Kec. Kalideres, Kota Jakarta Barat, Daerah Khusus Ibukota Jakarta 11840, Indonesia","(-6.1499704, 106.7059921, 0.0)",-6.1499704,106.7059921,0
Jln. Kampung belakang,Kamal,Kalideres,"Jln. Kampung belakang, Kamal, Kalideres","Jl. Kp. Belakang, Kamal, Kec. Kalideres, Kota Jakarta Barat, Daerah Khusus Ibukota Jakarta, Indonesia","(-6.100918800000001, 106.6956763, 0.0)",-6.1009188,106.6956763,0
"Jln.Hadiah ( titik kenal Panti Wherda Wisma Mulia,",Jelambar,Grogol Petamburan,"Jln.Hadiah ( titik kenal Panti Wherda Wisma Mulia,, Jelambar, Grogol Petamburan","Jl. Hadiah No.14-16. RT.05/03, RT.5/RW.3, Jelambar, Kec. Grogol petamburan, Kota Jakarta Barat, Daerah Khusus Ibukota Jakarta 11460, Indonesia","(-6.163583, 106.784, 0.0)",-6.163583,106.784,0
Jl. Pulo Nangka,Rawa Buaya,Cengkareng,"Jl. Pulo Nangka, Rawa Buaya, Cengkareng","Jl. Pulo Nangka I, RW.2, Rw. Buaya, Kecamatan Cengkareng, Kota Jakarta Barat, Daerah Khusus Ibukota Jakarta 11740, Indonesia","(-6.155233, 106.7379738, 0.0)",-6.155233,106.7379738,0
"OPPA Galbi, Jln Tanjung Duren Barat Raya No.11",Tanjung Duren Utara,Grogol Petamburan,"OPPA Galbi, Jln Tanjung Duren Barat Raya No.11, Tanjung Duren Utara, Grogol Petamburan","Jl. Tj. Duren Barat I No.11C, RT.1/RW.4, Tj. Duren Utara, Kec. Grogol petamburan, Kota Jakarta Barat, Daerah Khusus Ibukota Jakarta 11470, Indonesia","(-6.173956, 106.7824588, 0.0)",-6.173956,106.7824588,0
Jl. Kristal No.127 - 128,Kedaung Kali Angke,Cengkareng,"Jl. Kristal No.127 - 128, Kedaung Kali Angke, Cengkareng","Jl. Kristal Blok E No.127, RT.8/RW.7, Kedaung Kali Angke, Kecamatan Cengkareng, Kota Jakarta Barat, Daerah Khusus Ibukota Jakarta 11710, Indonesia","(-6.144594700000001, 106.7518395, 0.0)",-6.1445947,106.7518395,0
Jl.Utama Sakti IV No..18 - 20,Wijaya Kusuma,Grogol Petamburan,"Jl.Utama Sakti IV No..18 - 20, Wijaya Kusuma, Grogol Petamburan","Jl. Utama Sakti IV No.18, RT.10/RW.7, Wijaya Kusuma, Kec. Grogol petamburan, Kota Jakarta Barat, Daerah Khusus Ibukota Jakarta 11460, Indonesia","(-6.151970299999999, 106.7787558, 0.0)",-6.1519703,106.7787558,0
" Jln. TPU Joglo, GG. Kubur ",Joglo,Kembangan," Jln. TPU Joglo, GG. Kubur , Joglo, Kembangan","Jl. Palem Raya, RT.8/RW.3, Joglo, Kec. Kembangan, Kota Jakarta Barat, Daerah Khusus Ibukota Jakarta 11610, Indonesia","(-6.2205981, 106.7586, 0.0)",-6.2205981,106.7586,0
Jl. Empang Bahagia Gg.IX No.31,Jelambar,Grogol Petamburan,"Jl. Empang Bahagia Gg.IX No.31, Jelambar, Grogol Petamburan","Jl. Empang Bahagia Gg. IX Jl. Empang Bahagia Gg. II No.31, RT.8/RW.6, Jelambar, Kec. Grogol petamburan, Kota Jakarta Barat, Daerah Khusus Ibukota Jakarta 11460, Indonesia","(-6.1585379, 106.7887466, 0.0)",-6.1585379,106.7887466,0
"Jl, Kebayoran Lama No.23A",Sukabumi Selatan,Kebun Jeruk,"Jl, Kebayoran Lama No.23A, Sukabumi Selatan, Kebun Jeruk","Jl. Raya Kby. Lama No.23, RT.7/RW.2, Sukabumi Sel., Kec. Kb. Jeruk, Kota Jakarta Barat, Daerah Khusus Ibukota Jakarta 11560, Indonesia","(-6.220353999999999, 106.77829, 0.0)",-6.220354,106.77829,0
Jl. Perum Citra 3,Pegadungan,Kalideres,"Jl. Perum Citra 3, Pegadungan, Kalideres","Citra 3, RT.3/RW.13, Pegadungan, Kec. Kalideres, Kota Jakarta Barat, Daerah Khusus Ibukota Jakarta 11830, Indonesia","(-6.1257139, 106.7058266, 0.0)",-6.1257139,106.7058266,0
Jl.Taman Bunga 1,Kota Bambu Selatan,Palmerah,"Jl.Taman Bunga 1, Kota Bambu Selatan, Palmerah","Jl. Taman Bunga 1, Kota Bambu Sel., Kec. Palmerah, Kota Jakarta Barat, Daerah Khusus Ibukota Jakarta, Indonesia","(-6.186099700000001, 106.8101406, 0.0)",-6.1860997,106.8101406,0
Jl. Ukir 1 No. 59,Kapuk,Cengkareng,"Jl. Ukir 1 No. 59, Kapuk, Cengkareng","Jl. Ukir 1 No.59, RT.7/RW.13, Kapuk, Kecamatan Cengkareng, Kota Jakarta Barat, Daerah Khusus Ibukota Jakarta 11720, Indonesia","(-6.151666, 106.7430648, 0.0)",-6.151666,106.7430648,0
Jl. Kali anyar 10 No. 24,Kali anyar,Tambora,"Jl. Kali anyar 10 No. 24, Kali anyar, Tambora","24, Jl. Kalianyar Raya No.10, RT.13/RW.8, Kali Anyar, Kec. Tambora, Kota Jakarta Barat, Daerah Khusus Ibukota Jakarta 11310, Indonesia","(-6.1600829, 106.7988261, 0.0)",-6.1600829,106.7988261,0
 Jalan Nurul Amal ,Cengkareng Timur,Cengkareng," Jalan Nurul Amal , Cengkareng Timur, Cengkareng","Jl. Nurul Amal, Cengkareng Tim., Kecamatan Cengkareng, Kota Jakarta Barat, Daerah Khusus Ibukota Jakarta 11730, Indonesia","(-6.148466, 106.7302587, 0.0)",-6.148466,106.7302587,0
Jl.Tol Jakarta Merak KM.74,Kembangan Selatan,Kembangan,"Jl.Tol Jakarta Merak KM.74, Kembangan Selatan, Kembangan","Jl. Tol Merak - Jkt, Kembangan Sel., Kec. Kembangan, Kota Jakarta Barat, Daerah Khusus Ibukota Jakarta, Indonesia","(-6.1916438, 106.7375757, 0.0)",-6.1916438,106.7375757,0
Jl.Salman No..13 Kp.Rawa 2,Kebon Jeruk,Kebun Jeruk,"Jl.Salman No..13 Kp.Rawa 2, Kebon Jeruk, Kebun Jeruk","Jl. Salman No.13, RT.7/RW.3, Kb. Jeruk, Kec. Kb. Jeruk, Kota Jakarta Barat, Daerah Khusus Ibukota Jakarta 11530, Indonesia","(-6.1936653, 106.7770485, 0.0)",-6.1936653,106.7770485,0
Jl. Anggrek Garuda,kemanggisan,Palmerah,"Jl. Anggrek Garuda, kemanggisan, Palmerah","Jl. Anggrek Garuda, Kemanggisan, Kec. Palmerah, Kota Jakarta Barat, Daerah Khusus Ibukota Jakarta 11480, Indonesia","(-6.1933903, 106.7951944, 0.0)",-6.1933903,106.7951944,0
Jl. K.S. Tubun I Gg. Harian,Kota Bambu Utara,Palmerah,"Jl. K.S. Tubun I Gg. Harian, Kota Bambu Utara, Palmerah","Jl. Kota Bambu Raya No.55, RT.2/RW.5, Kota Bambu Utara, Kec. Palmerah, Kota Jakarta Barat, Daerah Khusus Ibukota Jakarta 11420, Indonesia","(-6.1855178, 106.8038742, 0.0)",-6.1855178,106.8038742,0
"Komplek DKI Blok C 1,",Joglo,Kembangan,"Komplek DKI Blok C 1,, Joglo, Kembangan","Jl. Komp. Dki Blok C No.3, RT.1/RW.4, Joglo, Kec. Kembangan, Kota Jakarta Barat, Daerah Khusus Ibukota Jakarta 11640, Indonesia","(-6.222079, 106.731442, 0.0)",-6.222079,106.731442,0
Jl.Keadilan 3 No..21,Glodok,Tamansari,"Jl.Keadilan 3 No..21, Glodok, Tamansari","Jl. Keadilan III No.21, RW.5, Glodok, Kec. Taman Sari, Kota Jakarta Barat, Daerah Khusus Ibukota Jakarta 11120, Indonesia","(-6.1476665, 106.8131781, 0.0)",-6.1476665,106.8131781,0
Jl.Peternakan Raya 1 Gg.Cocong,Kapuk,Cengkareng,"Jl.Peternakan Raya 1 Gg.Cocong, Kapuk, Cengkareng","Jl. Peternakan Raya No.1, RT.7/RW.7, Kapuk, Kecamatan Cengkareng, Kota Jakarta Barat, Daerah Khusus Ibukota Jakarta 11720, Indonesia","(-6.1486127, 106.7657924, 0.0)",-6.1486127,106.7657924,0
Jl. Pasar Minggu,Kembangan Selatan,Kembangan,"Jl. Pasar Minggu, Kembangan Selatan, Kembangan","Jl. Ps. Minggu, RW.1, Kembangan Sel., Kec. Kembangan, Kota Jakarta Barat, Daerah Khusus Ibukota Jakarta 11610, Indonesia","(-6.1893343, 106.7253994, 0.0)",-6.1893343,106.7253994,0
Jalan Taman Semanan Indah  Blok NB No. 48,Duri Kosambi,Cengkareng,"Jalan Taman Semanan Indah  Blok NB No. 48, Duri Kosambi, Cengkareng","Jl. Taman Semanan Indah, RW.7, Duri Kosambi, Kecamatan Cengkareng, Kota Jakarta Barat, Daerah Khusus Ibukota Jakarta 11750, Indonesia","(-6.163852299999999, 106.7246833, 0.0)",-6.1638523,106.7246833,0
"Jalan P. Tubagus Angke, titik kenal Rumah duka Jelambar ",Jelambar Baru,Grogol Petamburan,"Jalan P. Tubagus Angke, titik kenal Rumah duka Jelambar , Jelambar Baru, Grogol Petamburan","13, Jl. Pangeran Tubagus Angke No.49, RT.13/RW.7, Jelambar Baru, Kec. Grogol petamburan, Kota Jakarta Barat, Daerah Khusus Ibukota Jakarta 11460, Indonesia","(-6.144434, 106.7868455, 0.0)",-6.144434,106.7868455,0
Jl. Kampung Baru Permai Gg. H. Daud Dalam No. 23a,Sukabumi Selatan,Kebun Jeruk,"Jl. Kampung Baru Permai Gg. H. Daud Dalam No. 23a, Sukabumi Selatan, Kebun Jeruk","Jl. H. Daud No.23, RT.10/RW.3, Sukabumi Sel., Kec. Kb. Jeruk, Kota Jakarta Barat, Daerah Khusus Ibukota Jakarta 11560, Indonesia","(-6.22413, 106.774082, 0.0)",-6.22413,106.774082,0
"Jl. Tosiga Ujung VII, Kp. Rawa 2, No. 50A",Kebon Jeruk,Kebun Jeruk,"Jl. Tosiga Ujung VII, Kp. Rawa 2, No. 50A, Kebon Jeruk, Kebun Jeruk","Jl. Kp. Rw. II No.50A, RT.14/RW.4, Kb. Jeruk, Kec. Kb. Jeruk, Kota Jakarta Barat, Daerah Khusus Ibukota Jakarta 11530, Indonesia","(-6.190697000000001, 106.775426, 0.0)",-6.190697,106.775426,0
 Jl. Tanah Sereal 18 ,Tanah Sereal,Tambora," Jl. Tanah Sereal 18 , Tanah Sereal, Tambora","Jl. Tanah Sereal XVIII, Tanah Sereal, Kec. Tambora, Kota Jakarta Barat, Daerah Khusus Ibukota Jakarta, Indonesia","(-6.152424799999999, 106.8098929, 0.0)",-6.1524248,106.8098929,0
"Jl. Kayu Besar, Gg Damai I,",Tegal Alur,Kalideres,"Jl. Kayu Besar, Gg Damai I,, Tegal Alur, Kalideres","Gg. Damai I, Tegal Alur, Kec. Kalideres, Kota Jakarta Barat, Daerah Khusus Ibukota Jakarta 11820, Indonesia","(-6.1146556, 106.7246892, 0.0)",-6.1146556,106.7246892,0
"Jl. Krendang Tengah, No.99",Krendang,Tambora,"Jl. Krendang Tengah, No.99, Krendang, Tambora","Jl. Krendang Tengah No.99, RW.3, Krendang, Kec. Tambora, Kota Jakarta Barat, Daerah Khusus Ibukota Jakarta 11260, Indonesia","(-6.1497658, 106.8039259, 0.0)",-6.1497658,106.8039259,0
Jl. Daan mogot No. 38,Kedaung Kali Angke,Cengkareng,"Jl. Daan mogot No. 38, Kedaung Kali Angke, Cengkareng","Jl. Daan Mogot Gg. Pledu Indah 3 No.38, RT.3/RW.8, Kedoya Utara, Kec. Kb. Jeruk, Kota Jakarta Barat, Daerah Khusus Ibukota Jakarta 11520, Indonesia","(-6.1601215, 106.7611851, 0.0)",-6.1601215,106.7611851,0
Jl.Jeruk Nipis 1 No..20,Duri Kepa,Kebun Jeruk,"Jl.Jeruk Nipis 1 No..20, Duri Kepa, Kebun Jeruk","Jl. Jeruk Nipis I No.20, RT.7/RW.7, Duri Kepa, Kec. Kb. Jeruk, Kota Jakarta Barat, Daerah Khusus Ibukota Jakarta 11510, Indonesia","(-6.185612099999999, 106.7749659, 0.0)",-6.1856121,106.7749659,0
Jl Angke Indah  Raya,Angke,Tambora,"Jl Angke Indah  Raya, Angke, Tambora","Jl. Angke Indah, Angke, Kec. Tambora, Kota Jakarta Barat, Daerah Khusus Ibukota Jakarta, Indonesia","(-6.1454377, 106.8000035, 0.0)",-6.1454377,106.8000035,0
Jl. Daan Mogot Raya,Wijaya Kusuma,Grogol Petamburan,"Jl. Daan Mogot Raya, Wijaya Kusuma, Grogol Petamburan","Jl. Daan Mogot, Wijaya Kusuma, Kec. Grogol petamburan, Kota Jakarta Barat, Daerah Khusus Ibukota Jakarta, Indonesia","(-6.1627059, 106.7736877, 0.0)",-6.1627059,106.7736877,0
Jl. Hayam Wuruk ( Kebon Jeruk VII ),maphar,Tamansari,"Jl. Hayam Wuruk ( Kebon Jeruk VII ), maphar, Tamansari","Jl. Kebon Jeruk VII, Maphar, Kec. Taman Sari, Kota Jakarta Barat, Daerah Khusus Ibukota Jakarta 11160, Indonesia","(-6.1569809, 106.8198302, 0.0)",-6.1569809,106.8198302,0
"Jl. Joglo Baru, No. 159",Joglo,Kembangan,"Jl. Joglo Baru, No. 159, Joglo, Kembangan","Jl. Joglo Baru No.159, RT.3/RW.6, Joglo, Kec. Kembangan, Kota Jakarta Barat, Daerah Khusus Ibukota Jakarta 11640, Indonesia","(-6.2198433, 106.7212087, 0.0)",-6.2198433,106.7212087,0
Jl. Srengseng Dalam,Srengseng,Kembangan,"Jl. Srengseng Dalam, Srengseng, Kembangan","Srengseng Dalam, Srengseng, Kec. Kembangan, Kota Jakarta Barat, Daerah Khusus Ibukota Jakarta 11630, Indonesia","(-6.204295399999999, 106.7597982, 0.0)",-6.2042954,106.7597982,0
Jl.Puri Agung No.1,Kembangan Selatan,Kembangan,"Jl.Puri Agung No.1, Kembangan Selatan, Kembangan","Jl. Puri Agung No.1, RT.1/RW.2, Kembangan Sel., Kec. Kembangan, Kota Jakarta Barat, Daerah Khusus Ibukota Jakarta 11610, Indonesia","(-6.1887079, 106.7331391, 0.0)",-6.1887079,106.7331391,0
Jl. Gaga Utama,Semanan,Kalideres,"Jl. Gaga Utama, Semanan, Kalideres","Jl. Gaga Utama, Semanan, Kec. Kalideres, Kota Jakarta Barat, Daerah Khusus Ibukota Jakarta 11850, Indonesia","(-6.1686841, 106.6993012, 0.0)",-6.1686841,106.6993012,0
Jl. Nirah No..69 - 70 ( Komp. Ambon Cengkareng ),Kedaung Kali Angke,Cengkareng,"Jl. Nirah No..69 - 70 ( Komp. Ambon Cengkareng ), Kedaung Kali Angke, Cengkareng","6, Jl. Nilam No.7, RT.6/RW.7, Kedaung Kali Angke, Kecamatan Cengkareng, Kota Jakarta Barat, Daerah Khusus Ibukota Jakarta 11710, Indonesia","(-6.1468981, 106.7513425, 0.0)",-6.1468981,106.7513425,0
Jl. Kebon Jeruk XIX,Maphar,Tamansari,"Jl. Kebon Jeruk XIX, Maphar, Tamansari","Jl. Kebon Jeruk XIX, Maphar, Kec. Taman Sari, Kota Jakarta Barat, Daerah Khusus Ibukota Jakarta, Indonesia","(-6.1507093, 106.8188409, 0.0)",-6.1507093,106.8188409,0
Jl. Bina Serasih,Cengkareng Barat,Cengkareng,"Jl. Bina Serasih, Cengkareng Barat, Cengkareng","Jl. Bina Serasih II, Cengkareng Bar., Kecamatan Cengkareng, Kota Jakarta Barat, Daerah Khusus Ibukota Jakarta, Indonesia","(-6.141291100000001, 106.7183096, 0.0)",-6.1412911,106.7183096,0
Jl. Wedana No. 68,Maphar,Tamansari,"Jl. Wedana No. 68, Maphar, Tamansari","Jl. Wedana No.68, RT.5/RW.1, Maphar, Kec. Taman Sari, Kota Jakarta Barat, Daerah Khusus Ibukota Jakarta 11160, Indonesia","(-6.1602682, 106.8236025, 0.0)",-6.1602682,106.8236025,0
Jl. Duri Bangkit,Jembatan Besi,Tambora,"Jl. Duri Bangkit, Jembatan Besi, Tambora","Jl. Duri Bangkit, Jemb. Besi, Kec. Tambora, Kota Jakarta Barat, Daerah Khusus Ibukota Jakarta 11320, Indonesia","(-6.1542429, 106.7997238, 0.0)",-6.1542429,106.7997238,0
Jl. Lada Dalam,Pinangsia,Tamansari,"Jl. Lada Dalam, Pinangsia, Tamansari","Jl. Lada Dalam, Pinangsia, Kec. Taman Sari, Kota Jakarta Barat, Daerah Khusus Ibukota Jakarta 11110, Indonesia","(-6.136309000000001, 106.8155257, 0.0)",-6.136309,106.8155257,0
"Jl. Mangga 1, Blok B1, No. 6",Duri Kepa,Kebun Jeruk,"Jl. Mangga 1, Blok B1, No. 6, Duri Kepa, Kebun Jeruk","Blok B1, No. 6, Jl. Mangga Raya Blok Fa No.1, RT.13/RW.9, Duri Kepa, Kec. Kb. Jeruk, Kota Jakarta Barat, Daerah Khusus Ibukota Jakarta 11510, Indonesia","(-6.1719066, 106.7794476, 0.0)",-6.1719066,106.7794476,0
Komplek Greengarden,Kedoya Utara,Kebun Jeruk,"Komplek Greengarden, Kedoya Utara, Kebun Jeruk","Jl. Komp. Green Garden, Kedoya Utara, Kec. Kb. Jeruk, Kota Jakarta Barat, Daerah Khusus Ibukota Jakarta 11520, Indonesia","(-6.1656736, 106.7582205, 0.0)",-6.1656736,106.7582205,0
Jl.Palmerah Utara 3 Gg.Palm 4,Palmerah,Palmerah,"Jl.Palmerah Utara 3 Gg.Palm 4, Palmerah, Palmerah","Jl. Palmerah Utara No.42A, RT.5/RW.16, Palmerah, Kec. Palmerah, Kota Jakarta Barat, Daerah Khusus Ibukota Jakarta 11480, Indonesia","(-6.202964, 106.7976855, 0.0)",-6.202964,106.7976855,0
Jl.H.Sanusi Taming,Duri Kepa,Kebun Jeruk,"Jl.H.Sanusi Taming, Duri Kepa, Kebun Jeruk","Jl. H. Sanusi Taming, RW.2, Duri Kepa, Kec. Kb. Jeruk, Kota Jakarta Barat, Daerah Khusus Ibukota Jakarta 11510, Indonesia","(-6.184196999999999, 106.778464, 0.0)",-6.184197,106.778464,0
Jl.Flamboyan Batu Sari No..35,Kebon Jeruk,Kebun Jeruk,"Jl.Flamboyan Batu Sari No..35, Kebon Jeruk, Kebun Jeruk","Jl. Flamboyan, Kb. Jeruk, Kec. Kb. Jeruk, Kota Jakarta Barat, Daerah Khusus Ibukota Jakarta 11530, Indonesia","(-6.194844199999999, 106.7707303, 0.0)",-6.1948442,106.7707303,0
Jl. Kedoya Raya,Kedoya Utara,Kebun Jeruk,"Jl. Kedoya Raya, Kedoya Utara, Kebun Jeruk","Jl. Kedoya Raya, Kedoya Utara, Kec. Kb. Jeruk, Kota Jakarta Barat, Daerah Khusus Ibukota Jakarta, Indonesia","(-6.167979799999999, 106.7625571, 0.0)",-6.1679798,106.7625571,0
Jl. Pangeran Tubagus Angke ( titik kenal Depan Pasar Jembatan Dua ),Angke,Tambora,"Jl. Pangeran Tubagus Angke ( titik kenal Depan Pasar Jembatan Dua ), Angke, Tambora","Jl. Pangeran Tubagus Angke, Angke, Kec. Tambora, Kota Jakarta Barat, Daerah Khusus Ibukota Jakarta 11330, Indonesia","(-6.1431673, 106.7923541, 0.0)",-6.1431673,106.7923541,0
Jl. Daan Mogot KM1,Jelambar,Grogol Petamburan,"Jl. Daan Mogot KM1, Jelambar, Grogol Petamburan","Jl. Daan Mogot No.KM.1, RT.7/RW.1, Tj. Duren Utara, Kec. Grogol petamburan, Kota Jakarta Barat, Daerah Khusus Ibukota Jakarta 11470, Indonesia","(-6.1658459, 106.7845817, 0.0)",-6.1658459,106.7845817,0
"Jl. S. Parman, Kav. 56",Slipi,Palmerah,"Jl. S. Parman, Kav. 56, Slipi, Palmerah","Jl. Jelambar Barat No.56, RT.4/RW.7, Jelambar Baru, Kec. Grogol petamburan, Kota Jakarta Barat, Daerah Khusus Ibukota Jakarta 11460, Indonesia","(-6.1456993, 106.7847829, 0.0)",-6.1456993,106.7847829,0
Jl. Komplek Palem Permata,Pegadungan,Kalideres,"Jl. Komplek Palem Permata, Pegadungan, Kalideres","Jl. Permata Taman Palem, RW.3, Pegadungan, Kec. Kalideres, Kota Jakarta Barat, Daerah Khusus Ibukota Jakarta 11830, Indonesia","(-6.1314816, 106.7087468, 0.0)",-6.1314816,106.7087468,0
"Jl. H. Jamhari, Gg. Siaga III",Angke,Tambora,"Jl. H. Jamhari, Gg. Siaga III, Angke, Tambora","Pasar Grogol A.L01.DDG.092, Jl. Muwardi, RT.7/RW.2, Grogol, Kec. Grogol petamburan, Kota Jakarta Barat, Daerah Khusus Ibukota Jakarta 11450, Indonesia","(-6.1625469, 106.7971877, 0.0)",-6.1625469,106.7971877,0
jl. Angke Indah,Angke,Tambora,"jl. Angke Indah, Angke, Tambora","Jl. Angke Indah, Angke, Kec. Tambora, Kota Jakarta Barat, Daerah Khusus Ibukota Jakarta, Indonesia","(-6.1454377, 106.8000035, 0.0)",-6.1454377,106.8000035,0
Jl. Widara,Wijaya Kusuma,Grogol Petamburan,"Jl. Widara, Wijaya Kusuma, Grogol Petamburan","Jl. Widara, Wijaya Kusuma, Kec. Grogol petamburan, Kota Jakarta Barat, Daerah Khusus Ibukota Jakarta 11460, Indonesia","(-6.1529485, 106.7767923, 0.0)",-6.1529485,106.7767923,0
"Taman Palm, Blok C NO.59",Cengkareng Barat,Cengkareng,"Taman Palm, Blok C NO.59, Cengkareng Barat, Cengkareng","59, Jl. Taman Palem Lestari Blok B12 C No.11, RT.8/RW.13, Cengkareng Bar., Kecamatan Cengkareng, Kota Jakarta Barat, Daerah Khusus Ibukota Jakarta 11730, Indonesia","(-6.1387532, 106.7269077, 0.0)",-6.1387532,106.7269077,0
"Jl. Kp. Janis, No. 36",Pekojan,Tambora,"Jl. Kp. Janis, No. 36, Pekojan, Tambora","3, Jl. Pekojan III No.3, RW.9, Pekojan, Kec. Tambora, Kota Jakarta Barat, Daerah Khusus Ibukota Jakarta 11240, Indonesia","(-6.1393746, 106.8005936, 0.0)",-6.1393746,106.8005936,0
Jl.Kemanggisan Pulo 2,Kemanggisan,Palmerah,"Jl.Kemanggisan Pulo 2, Kemanggisan, Palmerah","Jl. Kemanggisan Pulo No.2, RT.6/RW.17, Palmerah, Kec. Palmerah, Kota Jakarta Barat, Daerah Khusus Ibukota Jakarta 11480, Indonesia","(-6.198923, 106.791058, 0.0)",-6.198923,106.791058,0
Jln. Tunjung,Jati Pulo,Palmerah,"Jln. Tunjung, Jati Pulo, Palmerah","Jl. Tunjung Raya, Jatipulo, Kec. Palmerah, Kota Jakarta Barat, Daerah Khusus Ibukota Jakarta 11430, Indonesia","(-6.1757957, 106.8031643, 0.0)",-6.1757957,106.8031643,0
"Jl. Jelambar Barat III, No. 41",Jelambar Baru,Grogol Petamburan,"Jl. Jelambar Barat III, No. 41, Jelambar Baru, Grogol Petamburan","Jl. Jelambar Barat III No.41, RT.4/RW.11, Jelambar Baru, Kec. Grogol petamburan, Kota Jakarta Barat, Daerah Khusus Ibukota Jakarta 11460, Indonesia","(-6.1507818, 106.7830044, 0.0)",-6.1507818,106.7830044,0
Jl. Kamal Raya RT.03 RW.06 / titik kenal SMU 33,Cengkareng Barat,Cengkareng,"Jl. Kamal Raya RT.03 RW.06 / titik kenal SMU 33, Cengkareng Barat, Cengkareng","6, Jl. Kamal Raya No.54, RT.6/RW.3, Cengkareng Bar., Kecamatan Cengkareng, Kota Jakarta Barat, Daerah Khusus Ibukota Jakarta 11730, Indonesia","(-6.1492761, 106.726764, 0.0)",-6.1492761,106.726764,0
Jl. Pedongkelan Belakang,Kapuk,Cengkareng,"Jl. Pedongkelan Belakang, Kapuk, Cengkareng","Jl. Pedongkelan Belakang, Kapuk, Kecamatan Cengkareng, Kota Jakarta Barat, Daerah Khusus Ibukota Jakarta 11720, Indonesia","(-6.1444828, 106.7424844, 0.0)",-6.1444828,106.7424844,0
"Jl. Tanjung Duren Raya, No. 82",Tanjung Duren Utara,Grogol Petamburan,"Jl. Tanjung Duren Raya, No. 82, Tanjung Duren Utara, Grogol Petamburan","Jl. Tanjung Duren Raya No.82, RT.7/RW.5, Tj. Duren Utara, Kec. Grogol petamburan, Kota Jakarta Barat, Daerah Khusus Ibukota Jakarta 11470, Indonesia","(-6.1759945, 106.7833405, 0.0)",-6.1759945,106.7833405,0
jl. Rawa Kedaung Kober,Cengkareng Timur,Cengkareng,"jl. Rawa Kedaung Kober, Cengkareng Timur, Cengkareng","East Cengkareng, Cengkareng, West Jakarta City, Jakarta, Indonesia","(-6.1423316, 106.7337841, 0.0)",-6.1423316,106.7337841,0
"Jl. Kusuma, Blok. A2, No. 1",Jelambar Baru,Grogol Petamburan,"Jl. Kusuma, Blok. A2, No. 1, Jelambar Baru, Grogol Petamburan","Jl. Kusuma, Jelambar Baru, Kec. Grogol petamburan, Kota Jakarta Barat, Daerah Khusus Ibukota Jakarta, Indonesia","(-6.147037000000001, 106.7808139, 0.0)",-6.147037,106.7808139,0
"Jl. Raya Kayu Besar (Rukan Paris), Blok. B, No. 67 (Golf Lake Residence)",Cengkareng Timur,Cengkareng,"Jl. Raya Kayu Besar (Rukan Paris), Blok. B, No. 67 (Golf Lake Residence), Cengkareng Timur, Cengkareng","7, Jl. Kapuk Cengkareng No.42, RT.9/RW.14, Cengkareng Tim., Kecamatan Cengkareng, Kota Jakarta Barat, Daerah Khusus Ibukota Jakarta 11730, Indonesia","(-6.132514599999999, 106.7310335, 0.0)",-6.1325146,106.7310335,0
Jl. Sulaiman,Sukabumi Utara,Kebun Jeruk,"Jl. Sulaiman, Sukabumi Utara, Kebun Jeruk","Jl. Sulaiman, Sukabumi Utara, Kec. Kb. Jeruk, Kota Jakarta Barat, Daerah Khusus Ibukota Jakarta 11540, Indonesia","(-6.20623, 106.7797788, 0.0)",-6.20623,106.7797788,0
"Jl. Alpukat II, No.. 53",Tanjung Duren Utara,Grogol Petamburan,"Jl. Alpukat II, No.. 53, Tanjung Duren Utara, Grogol Petamburan","Jl. Alpukat 2 No.53, RT.1/RW.2, Tj. Duren Utara, Kec. Grogol petamburan, Kota Jakarta Barat, Daerah Khusus Ibukota Jakarta 11470, Indonesia","(-6.170288999999999, 106.786321, 0.0)",-6.170289,106.786321,0
"Jl. Sulaiman, Pasar kembang Blok C",Sukabumi Utara,Kebun Jeruk,"Jl. Sulaiman, Pasar kembang Blok C, Sukabumi Utara, Kebun Jeruk","Jl. Sulaiman No.56, RT.10/RW.3, Sukabumi Utara, Kec. Kb. Jeruk, Kota Jakarta Barat, Daerah Khusus Ibukota Jakarta 11540, Indonesia","(-6.2061272, 106.7782048, 0.0)",-6.2061272,106.7782048,0
Jl. Betet Raya,Tanah Sereal,Tambora,"Jl. Betet Raya, Tanah Sereal, Tambora","Jl. Betet Raya, Tanah Sereal, Kec. Tambora, Kota Jakarta Barat, Daerah Khusus Ibukota Jakarta 11210, Indonesia","(-6.147755099999999, 106.8107941, 0.0)",-6.1477551,106.8107941,0
Jl. Prepetan Gg. Jambu,Kamal,Kalideres,"Jl. Prepetan Gg. Jambu, Kamal, Kalideres","Jl.Prepedan dalam, Gg.Jambu No.73, RT.12/RW.9, Kamal, Kec. Kalideres, Kota Jakarta Barat, Daerah Khusus Ibukota Jakarta 11820, Indonesia","(-6.1174346, 106.7073757, 0.0)",-6.1174346,106.7073757,0
Jl. Kampung Salo,Kembangan Utara,Kembangan,"Jl. Kampung Salo, Kembangan Utara, Kembangan","Jl. Kp. Salo, Kembangan Utara, Kec. Kembangan, Kota Jakarta Barat, Daerah Khusus Ibukota Jakarta 11610, Indonesia","(-6.1629376, 106.7533256, 0.0)",-6.1629376,106.7533256,0
Jl. Perdana Raya,Wijaya Kusuma,Grogol Petamburan,"Jl. Perdana Raya, Wijaya Kusuma, Grogol Petamburan","Jl. Perdana, Wijaya Kusuma, Kec. Grogol petamburan, Kota Jakarta Barat, Daerah Khusus Ibukota Jakarta 11460, Indonesia","(-6.1524736, 106.7738643, 0.0)",-6.1524736,106.7738643,0
Jl. Madrasah 1 Gg WW,Sukabumi Utara,Kebun Jeruk,"Jl. Madrasah 1 Gg WW, Sukabumi Utara, Kebun Jeruk","Jl. WW, Sukabumi Utara, Kec. Kb. Jeruk, Kota Jakarta Barat, Daerah Khusus Ibukota Jakarta 11540, Indonesia","(-6.2131985, 106.7768966, 0.0)",-6.2131985,106.7768966,0
Jl. Krendang Selatan,Krendang,Tambora,"Jl. Krendang Selatan, Krendang, Tambora","Jl. Krendang Sel., Krendang, Kec. Tambora, Kota Jakarta Barat, Daerah Khusus Ibukota Jakarta, Indonesia","(-6.1527306, 106.8029195, 0.0)",-6.1527306,106.8029195,0
Jl. Kembangan Selatan,Kembangan Selatan,Kembangan,"Jl. Kembangan Selatan, Kembangan Selatan, Kembangan","Jl. Kembangan Selatan, Kembangan Sel., Kec. Kembangan, Kota Jakarta Barat, Daerah Khusus Ibukota Jakarta, Indonesia","(-6.1863559, 106.7257301, 0.0)",-6.1863559,106.7257301,0
Jl.Badilah 1,Tangki,Tamansari,"Jl.Badilah 1, Tangki, Tamansari","Jl. Badila I, Tangki, Kec. Taman Sari, Kota Jakarta Barat, Daerah Khusus Ibukota Jakarta 11170, Indonesia","(-6.1451537, 106.8227525, 0.0)",-6.1451537,106.8227525,0
Jl.Taman Palem Mutiara Blok B7 No..56 - 57,Cengkareng Timur,Cengkareng,"Jl.Taman Palem Mutiara Blok B7 No..56 - 57, Cengkareng Timur, Cengkareng","No..56 - 57, Jl. Taman Palem Mutiara Blok B7 No.33, RT.6/RW.8, Cengkareng Tim., Kecamatan Cengkareng, Kota Jakarta Barat, Daerah Khusus Ibukota Jakarta 11730, Indonesia","(-6.142597, 106.731084, 0.0)",-6.142597,106.731084,0
Jl. Taman Palm Mutiara Blok C8/01,Cengkareng Timur,Cengkareng,"Jl. Taman Palm Mutiara Blok C8/01, Cengkareng Timur, Cengkareng","Jl. Taman Palem Mutiara, Cengkareng Tim., Kecamatan Cengkareng, Kota Jakarta Barat, Daerah Khusus Ibukota Jakarta 11730, Indonesia","(-6.1402323, 106.7327866, 0.0)",-6.1402323,106.7327866,0
